Date,Attendence,Fed Holiday,Weekend,Closed
9/1/2009,768,0,0,0
9/2/2009,706,0,0,0
9/3/2009,761,0,0,0
9/4/2009,929,0,0,0
9/5/2009,1093,0,1,0
9/6/2009,978,0,1,0
9/7/2009,584,1,0,0
9/8/2009,523,0,0,0
9/9/2009,497,0,0,0
9/10/2009,539,0,0,0
9/11/2009,550,0,0,0
9/12/2009,734,0,1,0
9/13/2009,794,0,1,0
9/14/2009,235,0,0,0
9/15/2009,483,0,0,0
9/16/2009,435,0,0,0
9/17/2009,426,0,0,0
9/18/2009,650,0,0,0
9/19/2009,802,0,1,0
9/20/2009,766,0,1,0
9/21/2009,151,0,0,0
9/22/2009,472,0,0,0
9/23/2009,382,0,0,0
9/24/2009,565,0,0,0
9/25/2009,664,0,0,0
9/26/2009,945,0,1,0
9/27/2009,758,0,1,0
9/28/2009,413,0,0,0
9/29/2009,458,0,0,0
9/30/2009,354,0,0,0
10/1/2009,493,0,0,0
10/2/2009,548,0,0,0
10/3/2009,512,0,1,0
10/4/2009,704,0,1,0
10/5/2009,258,0,0,0
10/6/2009,441,0,0,0
10/7/2009,336,0,0,0
10/8/2009,430,0,0,0
10/9/2009,610,0,0,0
10/10/2009,607,0,1,0
10/11/2009,633,0,1,0
10/12/2009,337,1,0,0
10/13/2009,493,0,0,0
10/14/2009,504,0,0,0
10/15/2009,454,0,0,0
10/16/2009,533,0,0,0
10/17/2009,603,0,1,0
10/18/2009,501,0,1,0
10/19/2009,216,0,0,0
10/20/2009,342,0,0,0
10/21/2009,285,0,0,0
10/22/2009,335,0,0,0
10/23/2009,404,0,0,0
10/24/2009,476,0,1,0
10/25/2009,493,0,1,0
10/26/2009,149,0,0,0
10/27/2009,360,0,0,0
10/28/2009,345,0,0,0
10/29/2009,339,0,0,0
10/30/2009,399,0,0,0
10/31/2009,248,0,1,0
11/1/2009,354,0,1,0
11/2/2009,208,0,0,0
11/3/2009,389,0,0,0
11/4/2009,266,0,0,0
11/5/2009,379,0,0,0
11/6/2009,439,0,0,0
11/7/2009,670,0,1,0
11/8/2009,657,0,1,0
11/9/2009,179,0,0,0
11/10/2009,392,0,0,0
11/11/2009,1324,1,0,0
11/12/2009,422,0,0,0
11/13/2009,438,0,0,0
11/14/2009,560,0,1,0
11/15/2009,477,0,1,0
11/16/2009,171,0,0,0
11/17/2009,369,0,0,0
11/18/2009,341,0,0,0
11/19/2009,370,0,0,0
11/20/2009,340,0,0,0
11/21/2009,554,0,1,0
11/22/2009,480,0,1,0
11/23/2009,333,0,0,0
11/24/2009,606,0,0,0
11/25/2009,616,0,0,0
11/26/2009,0,1,0,1
11/27/2009,655,1,0,0
11/28/2009,790,0,1,0
11/29/2009,412,0,1,0
11/30/2009,132,0,0,0
12/1/2009,254,0,0,0
12/2/2009,203,0,0,0
12/3/2009,237,0,0,0
12/4/2009,345,0,0,0
12/5/2009,369,0,1,0
12/6/2009,332,0,1,0
12/7/2009,191,0,0,0
12/8/2009,344,0,0,0
12/9/2009,311,0,0,0
12/10/2009,220,0,0,0
12/11/2009,356,0,0,0
12/12/2009,591,0,1,0
12/13/2009,387,0,1,0
12/14/2009,71,0,0,0
12/15/2009,248,0,0,0
12/16/2009,190,0,0,0
12/17/2009,220,0,0,0
12/18/2009,234,0,0,0
12/19/2009,270,0,1,0
12/20/2009,240,0,1,0
12/21/2009,552,0,0,0
12/22/2009,928,0,0,0
12/23/2009,589,0,0,0
12/24/2009,177,0,0,0
12/25/2009,0,1,0,1
12/26/2009,319,0,1,0
12/27/2009,653,0,1,0
12/28/2009,812,0,0,0
12/29/2009,1487,0,0,0
12/30/2009,1508,0,0,0
12/31/2009,691,0,0,0
1/1/2010,0,1,0,1
1/2/2010,779,0,1,0
1/3/2010,512,0,1,0
1/4/2010,195,0,0,0
1/5/2010,398,0,0,0
1/6/2010,342,0,0,0
1/7/2010,472,0,0,0
1/8/2010,576,0,0,0
1/9/2010,578,0,1,0
1/10/2010,457,0,1,0
1/11/2010,215,0,0,0
1/12/2010,452,0,0,0
1/13/2010,565,0,0,0
1/14/2010,351,0,0,0
1/15/2010,416,0,0,0
1/16/2010,739,0,1,0
1/17/2010,752,0,1,0
1/18/2010,1139,1,0,0
1/19/2010,574,0,0,0
1/20/2010,397,0,0,0
1/21/2010,467,0,0,0
1/22/2010,679,0,0,0
1/23/2010,982,0,1,0
1/24/2010,658,0,1,0
1/25/2010,187,0,0,0
1/26/2010,537,0,0,0
1/27/2010,453,0,0,0
1/28/2010,513,0,0,0
1/29/2010,464,0,0,0
1/30/2010,797,0,1,0
1/31/2010,641,0,1,0
2/1/2010,194,0,0,0
2/2/2010,329,0,0,0
2/3/2010,346,0,0,0
2/4/2010,450,0,0,0
2/5/2010,633,0,0,0
2/6/2010,1190,0,1,0
2/7/2010,493,0,1,0
2/8/2010,409,0,0,0
2/9/2010,468,0,0,0
2/10/2010,318,0,0,0
2/11/2010,322,0,0,0
2/12/2010,631,0,0,0
2/13/2010,516,0,1,0
2/14/2010,736,0,1,0
2/15/2010,1056,1,0,0
2/16/2010,378,0,0,0
2/17/2010,385,0,0,0
2/18/2010,456,0,0,0
2/19/2010,524,0,0,0
2/20/2010,989,0,1,0
2/21/2010,776,0,1,0
2/22/2010,288,0,0,0
2/23/2010,420,0,0,0
2/24/2010,396,0,0,0
2/25/2010,438,0,0,0
2/26/2010,519,0,0,0
2/27/2010,1419,0,1,0
2/28/2010,661,0,1,0
3/1/2010,165,0,0,0
3/2/2010,377,0,0,0
3/3/2010,315,0,0,0
3/4/2010,486,0,0,0
3/5/2010,457,0,0,0
3/6/2010,1294,0,1,0
3/7/2010,972,0,1,0
3/8/2010,269,0,0,0
3/9/2010,450,0,0,0
3/10/2010,510,0,0,0
3/11/2010,396,0,0,0
3/12/2010,432,0,0,0
3/13/2010,1073,0,1,0
3/14/2010,447,0,1,0
3/15/2010,161,0,0,0
3/16/2010,347,0,0,0
3/17/2010,369,0,0,0
3/18/2010,346,0,0,0
3/19/2010,395,0,0,0
3/20/2010,506,0,1,0
3/21/2010,484,0,1,0
3/22/2010,224,0,0,0
3/23/2010,376,0,0,0
3/24/2010,376,0,0,0
3/25/2010,483,0,0,0
3/26/2010,427,0,0,0
3/27/2010,623,0,1,0
3/28/2010,384,0,1,0
3/29/2010,145,0,0,0
3/30/2010,527,0,0,0
3/31/2010,804,0,0,0
4/1/2010,695,0,0,0
4/2/2010,787,0,0,0
4/3/2010,368,0,1,0
4/4/2010,195,0,1,0
4/5/2010,720,0,0,0
4/6/2010,1200,0,0,0
4/7/2010,1128,0,0,0
4/8/2010,1118,0,0,0
4/9/2010,1243,0,0,0
4/10/2010,721,0,1,0
4/11/2010,718,0,1,0
4/12/2010,337,0,0,0
4/13/2010,450,0,0,0
4/14/2010,367,0,0,0
4/15/2010,383,0,0,0
4/16/2010,495,0,0,0
4/17/2010,540,0,1,0
4/18/2010,451,0,1,0
4/19/2010,162,0,0,0
4/20/2010,386,0,0,0
4/21/2010,610,0,0,0
4/22/2010,690,0,0,0
4/23/2010,453,0,0,0
4/24/2010,356,0,1,0
4/25/2010,534,0,1,0
4/26/2010,220,0,0,0
4/27/2010,377,0,0,0
4/28/2010,374,0,0,0
4/29/2010,413,0,0,0
4/30/2010,409,0,0,0
5/1/2010,602,0,1,0
5/2/2010,419,0,1,0
5/3/2010,100,0,0,0
5/4/2010,299,0,0,0
5/5/2010,317,0,0,0
5/6/2010,313,0,0,0
5/7/2010,309,0,0,0
5/8/2010,361,0,1,0
5/9/2010,164,0,1,0
5/10/2010,181,0,0,0
5/11/2010,358,0,0,0
5/12/2010,312,0,0,0
5/13/2010,425,0,0,0
5/14/2010,449,0,0,0
5/15/2010,617,0,1,0
5/16/2010,470,0,1,0
5/17/2010,221,0,0,0
5/18/2010,651,0,0,0
5/19/2010,347,0,0,0
5/20/2010,436,0,0,0
5/21/2010,436,0,0,0
5/22/2010,567,0,1,0
5/23/2010,539,0,1,0
5/24/2010,198,0,0,0
5/25/2010,270,0,0,0
5/26/2010,338,0,0,0
5/27/2010,412,0,0,0
5/28/2010,624,0,0,0
5/29/2010,561,0,1,0
5/30/2010,433,0,1,0
5/31/2010,272,1,0,0
6/1/2010,365,0,0,0
6/2/2010,271,0,0,0
6/3/2010,299,0,0,0
6/4/2010,435,0,0,0
6/5/2010,439,0,1,0
6/6/2010,327,0,1,0
6/7/2010,172,0,0,0
6/8/2010,414,0,0,0
6/9/2010,395,0,0,0
6/10/2010,452,0,0,0
6/11/2010,1265,0,0,0
6/12/2010,526,0,1,0
6/13/2010,464,0,1,0
6/14/2010,323,0,0,0
6/15/2010,513,0,0,0
6/16/2010,417,0,0,0
6/17/2010,420,0,0,0
6/18/2010,556,0,0,0
6/19/2010,397,0,1,0
6/20/2010,103,0,1,0
6/21/2010,232,0,0,0
6/22/2010,478,0,0,0
6/23/2010,444,0,0,0
6/24/2010,549,0,0,0
6/25/2010,634,0,0,0
6/26/2010,371,0,1,0
6/27/2010,369,0,1,0
6/28/2010,298,0,0,0
6/29/2010,709,0,0,0
6/30/2010,606,0,0,0
7/1/2010,547,0,0,0
7/2/2010,723,0,0,0
7/3/2010,472,0,1,0
7/4/2010,93,0,1,0
7/5/2010,675,1,0,0
7/6/2010,758,0,0,0
7/7/2010,745,0,0,0
7/8/2010,683,0,0,0
7/9/2010,1067,0,0,0
7/10/2010,600,0,1,0
7/11/2010,364,0,1,0
7/12/2010,241,0,0,0
7/13/2010,682,0,0,0
7/14/2010,684,0,0,0
7/15/2010,638,0,0,0
7/16/2010,640,0,0,0
7/17/2010,538,0,1,0
7/18/2010,422,0,1,0
7/19/2010,315,0,0,0
7/20/2010,626,0,0,0
7/21/2010,754,0,0,0
7/22/2010,810,0,0,0
7/23/2010,729,0,0,0
7/24/2010,646,0,1,0
7/25/2010,405,0,1,0
7/26/2010,318,0,0,0
7/27/2010,848,0,0,0
7/28/2010,892,0,0,0
7/29/2010,621,0,0,0
7/30/2010,717,0,0,0
7/31/2010,569,0,1,0
8/1/2010,389,0,1,0
8/2/2010,256,0,0,0
8/3/2010,646,0,0,0
8/4/2010,628,0,0,0
8/5/2010,552,0,0,0
8/6/2010,704,0,0,0
8/7/2010,438,0,1,0
8/8/2010,468,0,1,0
8/9/2010,293,0,0,0
8/10/2010,634,0,0,0
8/11/2010,555,0,0,0
8/12/2010,573,0,0,0
8/13/2010,931,0,0,0
8/14/2010,562,0,1,0
8/15/2010,505,0,1,0
8/16/2010,260,0,0,0
8/17/2010,668,0,0,0
8/18/2010,629,0,0,0
8/19/2010,678,0,0,0
8/20/2010,634,0,0,0
8/21/2010,522,0,1,0
8/22/2010,470,0,1,0
8/23/2010,291,0,0,0
8/24/2010,818,0,0,0
8/25/2010,691,0,0,0
8/26/2010,711,0,0,0
8/27/2010,664,0,0,0
8/28/2010,748,0,1,0
8/29/2010,1316,0,1,0
8/30/2010,363,0,0,0
8/31/2010,762,0,0,0
9/1/2010,591,0,0,0
9/2/2010,629,0,0,0
9/3/2010,677,0,0,0
9/4/2010,709,0,1,0
9/5/2010,778,0,1,0
9/6/2010,581,1,0,0
9/7/2010,389,0,0,0
9/8/2010,493,0,0,0
9/9/2010,398,0,0,0
9/10/2010,618,0,0,0
9/11/2010,590,0,1,0
9/12/2010,1030,0,1,0
9/13/2010,142,0,0,0
9/14/2010,297,0,0,0
9/15/2010,243,0,0,0
9/16/2010,309,0,0,0
9/17/2010,356,0,0,0
9/18/2010,593,0,1,0
9/19/2010,267,0,1,0
9/20/2010,365,0,0,0
9/21/2010,345,0,0,0
9/22/2010,275,0,0,0
9/23/2010,274,0,0,0
9/24/2010,313,0,0,0
9/25/2010,639,0,1,0
9/26/2010,582,0,1,0
9/27/2010,256,0,0,0
9/28/2010,464,0,0,0
9/29/2010,372,0,0,0
9/30/2010,446,0,0,0
10/1/2010,429,0,0,0
10/2/2010,613,0,1,0
10/3/2010,468,0,1,0
10/4/2010,231,0,0,0
10/5/2010,395,0,0,0
10/6/2010,522,0,0,0
10/7/2010,337,0,0,0
10/8/2010,542,0,0,0
10/9/2010,467,0,1,0
10/10/2010,425,0,1,0
10/11/2010,184,1,0,0
10/12/2010,265,0,0,0
10/13/2010,201,0,0,0
10/14/2010,246,0,0,0
10/15/2010,461,0,0,0
10/16/2010,652,0,1,0
10/17/2010,969,0,1,0
10/18/2010,189,0,0,0
10/19/2010,479,0,0,0
10/20/2010,548,0,0,0
10/21/2010,480,0,0,0
10/22/2010,512,0,0,0
10/23/2010,704,0,1,0
10/24/2010,421,0,1,0
10/25/2010,251,0,0,0
10/26/2010,246,0,0,0
10/27/2010,217,0,0,0
10/28/2010,246,0,0,0
10/29/2010,413,0,0,0
10/30/2010,643,0,1,0
10/31/2010,110,0,1,0
11/1/2010,212,0,0,0
11/2/2010,342,0,0,0
11/3/2010,310,0,0,0
11/4/2010,280,0,0,0
11/5/2010,389,0,0,0
11/6/2010,626,0,1,0
11/7/2010,538,0,1,0
11/8/2010,231,0,0,0
11/9/2010,217,0,0,0
11/10/2010,332,0,0,0
11/11/2010,1210,1,0,0
11/12/2010,1114,0,0,0
11/13/2010,554,0,1,0
11/14/2010,605,0,1,0
11/15/2010,122,0,0,0
11/16/2010,242,0,0,0
11/17/2010,291,0,0,0
11/18/2010,270,0,0,0
11/19/2010,366,0,0,0
11/20/2010,1058,0,1,0
11/21/2010,964,0,1,0
11/22/2010,443,0,0,0
11/23/2010,923,0,0,0
11/24/2010,713,1,0,0
11/25/2010,0,1,0,1
11/26/2010,597,0,0,0
11/27/2010,731,0,1,0
11/28/2010,439,0,1,0
11/29/2010,176,0,0,0
11/30/2010,233,0,0,0
12/1/2010,245,0,0,0
12/2/2010,225,0,0,0
12/3/2010,310,0,0,0
12/4/2010,456,0,1,0
12/5/2010,348,0,1,0
12/6/2010,164,0,0,0
12/7/2010,256,0,0,0
12/8/2010,222,0,0,0
12/9/2010,228,0,0,0
12/10/2010,426,0,0,0
12/11/2010,363,0,1,0
12/12/2010,291,0,1,0
12/13/2010,104,0,0,0
12/14/2010,235,0,0,0
12/15/2010,270,0,0,0
12/16/2010,273,0,0,0
12/17/2010,443,0,0,0
12/18/2010,699,0,1,0
12/19/2010,680,0,1,0
12/20/2010,570,0,0,0
12/21/2010,1105,0,0,0
12/22/2010,822,0,0,0
12/23/2010,905,0,0,0
12/24/2010,276,1,0,0
12/25/2010,0,0,1,1
12/26/2010,589,0,1,0
12/27/2010,696,0,0,0
12/28/2010,1182,0,0,0
12/29/2010,1509,0,0,0
12/30/2010,1376,0,0,0
12/31/2010,661,0,0,0
1/1/2011,0,1,1,1
1/2/2011,851,0,1,0
1/3/2011,474,0,0,0
1/4/2011,496,0,0,0
1/5/2011,384,0,0,0
1/6/2011,410,0,0,0
1/7/2011,464,0,0,0
1/8/2011,805,0,1,0
1/9/2011,634,0,1,0
1/10/2011,183,0,0,0
1/11/2011,399,0,0,0
1/12/2011,343,0,0,0
1/13/2011,293,0,0,0
1/14/2011,349,0,0,0
1/15/2011,849,0,1,0
1/16/2011,630,0,1,0
1/17/2011,899,1,0,0
1/18/2011,257,0,0,0
1/19/2011,250,0,0,0
1/20/2011,290,0,0,0
1/21/2011,395,0,0,0
1/22/2011,779,0,1,0
1/23/2011,590,0,1,0
1/24/2011,169,0,0,0
1/25/2011,371,0,0,0
1/26/2011,388,0,0,0
1/27/2011,347,0,0,0
1/28/2011,511,0,0,0
1/29/2011,754,0,1,0
1/30/2011,942,0,1,0
1/31/2011,162,0,0,0
2/1/2011,292,0,0,0
2/2/2011,321,0,0,0
2/3/2011,449,0,0,0
2/4/2011,413,0,0,0
2/5/2011,633,0,1,0
2/6/2011,380,0,1,0
2/7/2011,142,0,0,0
2/8/2011,267,0,0,0
2/9/2011,291,0,0,0
2/10/2011,178,0,0,0
2/11/2011,401,0,0,0
2/12/2011,602,0,1,0
2/13/2011,390,0,1,0
2/14/2011,192,0,0,0
2/15/2011,238,0,0,0
2/16/2011,524,0,0,0
2/17/2011,452,0,0,0
2/18/2011,820,0,0,0
2/19/2011,1334,0,1,0
2/20/2011,967,0,1,0
2/21/2011,1226,1,0,0
2/22/2011,408,0,0,0
2/23/2011,379,0,0,0
2/24/2011,389,0,0,0
2/25/2011,652,0,0,0
2/26/2011,1118,0,1,0
2/27/2011,839,0,1,0
2/28/2011,148,0,0,0
3/1/2011,261,0,0,0
3/2/2011,287,0,0,0
3/3/2011,343,0,0,0
3/4/2011,356,0,0,0
3/5/2011,580,0,1,0
3/6/2011,518,0,1,0
3/7/2011,0,0,0,1
3/8/2011,236,0,0,0
3/9/2011,253,0,0,0
3/10/2011,233,0,0,0
3/11/2011,474,0,0,0
3/12/2011,613,0,1,0
3/13/2011,438,0,1,0
3/14/2011,96,0,0,0
3/15/2011,199,0,0,0
3/16/2011,364,0,0,0
3/17/2011,494,0,0,0
3/18/2011,405,0,0,0
3/19/2011,900,0,1,0
3/20/2011,835,0,1,0
3/21/2011,367,0,0,0
3/22/2011,476,0,0,0
3/23/2011,363,0,0,0
3/24/2011,449,0,0,0
3/25/2011,785,0,0,0
3/26/2011,687,0,1,0
3/27/2011,1014,0,1,0
3/28/2011,279,0,0,0
3/29/2011,369,0,0,0
3/30/2011,340,0,0,0
3/31/2011,316,0,0,0
4/1/2011,325,0,0,0
4/2/2011,549,0,1,0
4/3/2011,511,0,1,0
4/4/2011,294,0,0,0
4/5/2011,643,0,0,0
4/6/2011,712,0,0,0
4/7/2011,840,0,0,0
4/8/2011,1009,0,0,0
4/9/2011,689,0,1,0
4/10/2011,574,0,1,0
4/11/2011,155,0,0,0
4/12/2011,365,0,0,0
4/13/2011,331,0,0,0
4/14/2011,331,0,0,0
4/15/2011,343,0,0,0
4/16/2011,580,0,1,0
4/17/2011,334,0,1,0
4/18/2011,488,0,0,0
4/19/2011,621,0,0,0
4/20/2011,568,0,0,0
4/21/2011,819,0,0,0
4/22/2011,873,0,0,0
4/23/2011,353,0,1,0
4/24/2011,3,0,1,1
4/25/2011,248,0,0,0
4/26/2011,498,0,0,0
4/27/2011,308,0,0,0
4/28/2011,469,0,0,0
4/29/2011,443,0,0,0
4/30/2011,339,0,1,0
5/1/2011,363,0,1,0
5/2/2011,106,0,0,0
5/3/2011,281,0,0,0
5/4/2011,283,0,0,0
5/5/2011,240,0,0,0
5/6/2011,305,0,0,0
5/7/2011,426,0,1,0
5/8/2011,4,0,1,1
5/9/2011,206,0,0,0
5/10/2011,290,0,0,0
5/11/2011,261,0,0,0
5/12/2011,264,0,0,0
5/13/2011,376,0,0,0
5/14/2011,611,0,1,0
5/15/2011,805,0,1,0
5/16/2011,148,0,0,0
5/17/2011,594,0,0,0
5/18/2011,440,0,0,0
5/19/2011,289,0,0,0
5/20/2011,409,0,0,0
5/21/2011,568,0,1,0
5/22/2011,551,0,1,0
5/23/2011,182,0,0,0
5/24/2011,302,0,0,0
5/25/2011,243,0,0,0
5/26/2011,305,0,0,0
5/27/2011,411,0,0,0
5/28/2011,636,0,1,0
5/29/2011,682,0,1,0
5/30/2011,522,1,0,0
5/31/2011,244,0,0,0
6/1/2011,279,0,0,0
6/2/2011,266,0,0,0
6/3/2011,339,0,0,0
6/4/2011,372,0,1,0
6/5/2011,391,0,1,0
6/6/2011,149,0,0,0
6/7/2011,291,0,0,0
6/8/2011,340,0,0,0
6/9/2011,284,0,0,0
6/10/2011,702,0,0,0
6/11/2011,530,0,1,0
6/12/2011,395,0,1,0
6/13/2011,204,0,0,0
6/14/2011,319,0,0,0
6/15/2011,352,0,0,0
6/16/2011,477,0,0,0
6/17/2011,493,0,0,0
6/18/2011,391,0,1,0
6/19/2011,0,0,1,1
6/20/2011,204,0,0,0
6/21/2011,442,0,0,0
6/22/2011,435,0,0,0
6/23/2011,421,0,0,0
6/24/2011,597,0,0,0
6/25/2011,556,0,1,0
6/26/2011,363,0,1,0
6/27/2011,187,0,0,0
6/28/2011,565,0,0,0
6/29/2011,486,0,0,0
6/30/2011,425,0,0,0
7/1/2011,482,0,0,0
7/2/2011,491,0,1,0
7/3/2011,423,0,1,0
7/4/2011,0,1,0,1
7/5/2011,327,0,0,0
7/6/2011,503,0,0,0
7/7/2011,484,0,0,0
7/8/2011,789,0,0,0
7/9/2011,536,0,1,0
7/10/2011,351,0,1,0
7/11/2011,185,0,0,0
7/12/2011,540,0,0,0
7/13/2011,515,0,0,0
7/14/2011,604,0,0,0
7/15/2011,471,0,0,0
7/16/2011,433,0,1,0
7/17/2011,318,0,1,0
7/18/2011,246,0,0,0
7/19/2011,533,0,0,0
7/20/2011,426,0,0,0
7/21/2011,435,0,0,0
7/22/2011,540,0,0,0
7/23/2011,475,0,1,0
7/24/2011,447,0,1,0
7/25/2011,228,0,0,0
7/26/2011,567,0,0,0
7/27/2011,526,0,0,0
7/28/2011,551,0,0,0
7/29/2011,531,0,0,0
7/30/2011,486,0,1,0
7/31/2011,988,0,1,0
8/1/2011,265,0,0,0
8/2/2011,603,0,0,0
8/3/2011,483,0,0,0
8/4/2011,543,0,0,0
8/5/2011,567,0,0,0
8/6/2011,470,0,1,0
8/7/2011,447,0,1,0
8/8/2011,240,0,0,0
8/9/2011,635,0,0,0
8/10/2011,358,0,0,0
8/11/2011,622,0,0,0
8/12/2011,657,0,0,0
8/13/2011,481,0,1,0
8/14/2011,391,0,1,0
8/15/2011,319,0,0,0
8/16/2011,504,0,0,0
8/17/2011,516,0,0,0
8/18/2011,638,0,0,0
8/19/2011,636,0,0,0
8/20/2011,467,0,1,0
8/21/2011,443,0,1,0
8/22/2011,300,0,0,0
8/23/2011,642,0,0,0
8/24/2011,538,0,0,0
8/25/2011,498,0,0,0
8/26/2011,613,0,0,0
8/27/2011,618,0,1,0
8/28/2011,693,0,1,0
8/29/2011,299,0,0,0
8/30/2011,2119,0,0,0
8/31/2011,590,0,0,0
9/1/2011,514,0,0,0
9/2/2011,598,0,0,0
9/3/2011,582,0,1,0
9/4/2011,465,0,1,0
9/5/2011,642,1,0,0
9/6/2011,362,0,0,0
9/7/2011,355,0,0,0
9/8/2011,353,0,0,0
9/9/2011,387,0,0,0
9/10/2011,648,0,1,0
9/11/2011,445,0,1,0
9/12/2011,124,0,0,0
9/13/2011,301,0,0,0
9/14/2011,294,0,0,0
9/15/2011,303,0,0,0
9/16/2011,372,0,0,0
9/17/2011,587,0,1,0
9/18/2011,433,0,1,0
9/19/2011,165,0,0,0
9/20/2011,250,0,0,0
9/21/2011,205,0,0,0
9/22/2011,348,0,0,0
9/23/2011,369,0,0,0
9/24/2011,491,0,1,0
9/25/2011,570,0,1,0
9/26/2011,128,0,0,0
9/27/2011,364,0,0,0
9/28/2011,226,0,0,0
9/29/2011,361,0,0,0
9/30/2011,532,0,0,0
10/1/2011,440,0,1,0
10/2/2011,335,0,1,0
10/3/2011,99,0,0,0
10/4/2011,384,0,0,0
10/5/2011,421,0,0,0
10/6/2011,342,0,0,0
10/7/2011,296,0,0,0
10/8/2011,453,0,1,0
10/9/2011,350,0,1,0
10/10/2011,191,1,0,0
10/11/2011,262,0,0,0
10/12/2011,305,0,0,0
10/13/2011,369,0,0,0
10/14/2011,489,0,0,0
10/15/2011,371,0,1,0
10/16/2011,285,0,1,0
10/17/2011,212,0,0,0
10/18/2011,326,0,0,0
10/19/2011,288,0,0,0
10/20/2011,329,0,0,0
10/21/2011,401,0,0,0
10/22/2011,354,0,1,0
10/23/2011,490,0,1,0
10/24/2011,125,0,0,0
10/25/2011,271,0,0,0
10/26/2011,193,0,0,0
10/27/2011,205,0,0,0
10/28/2011,252,0,0,0
10/29/2011,338,0,1,0
10/30/2011,624,0,1,0
10/31/2011,138,0,0,0
11/1/2011,210,0,0,0
11/2/2011,227,0,0,0
11/3/2011,329,0,0,0
11/4/2011,540,0,0,0
11/5/2011,584,0,1,0
11/6/2011,824,0,1,0
11/7/2011,179,0,0,0
11/8/2011,309,0,0,0
11/9/2011,289,0,0,0
11/10/2011,386,0,0,0
11/11/2011,1256,1,0,0
11/12/2011,993,0,1,0
11/13/2011,501,0,1,0
11/14/2011,163,0,0,0
11/15/2011,231,0,0,0
11/16/2011,211,0,0,0
11/17/2011,310,0,0,0
11/18/2011,368,0,0,0
11/19/2011,633,0,1,0
11/20/2011,738,0,1,0
11/21/2011,586,0,0,0
11/22/2011,564,0,0,0
11/23/2011,536,0,0,0
11/24/2011,0,1,0,1
11/25/2011,523,1,0,0
11/26/2011,468,0,1,0
11/27/2011,321,0,1,0
11/28/2011,132,0,0,0
11/29/2011,282,0,0,0
11/30/2011,220,0,0,0
12/1/2011,246,0,0,0
12/2/2011,280,0,0,0
12/3/2011,423,0,1,0
12/4/2011,420,0,1,0
12/5/2011,146,0,0,0
12/6/2011,275,0,0,0
12/7/2011,223,0,0,0
12/8/2011,245,0,0,0
12/9/2011,305,0,0,0
12/10/2011,345,0,1,0
12/11/2011,314,0,1,0
12/12/2011,180,0,0,0
12/13/2011,353,0,0,0
12/14/2011,312,0,0,0
12/15/2011,273,0,0,0
12/16/2011,280,0,0,0
12/17/2011,422,0,1,0
12/18/2011,388,0,1,0
12/19/2011,503,0,0,0
12/20/2011,652,0,0,0
12/21/2011,680,0,0,0
12/22/2011,645,0,0,0
12/23/2011,723,0,0,0
12/24/2011,117,0,1,0
12/25/2011,0,0,1,1
12/26/2011,663,1,0,0
12/27/2011,1024,0,0,0
12/28/2011,1303,0,0,0
12/29/2011,1337,0,0,0
12/30/2011,1240,0,0,0
12/31/2011,601,0,1,0
1/1/2012,0,0,1,1
1/2/2012,540,1,0,0
1/3/2012,382,0,0,0
1/4/2012,346,0,0,0
1/5/2012,410,0,0,0
1/6/2012,461,0,0,0
1/7/2012,576,0,1,0
1/8/2012,396,0,1,0
1/9/2012,130,0,0,0
1/10/2012,231,0,0,0
1/11/2012,259,0,0,0
1/12/2012,285,0,0,0
1/13/2012,336,0,0,0
1/14/2012,504,0,1,0
1/15/2012,787,0,1,0
1/16/2012,1085,1,0,0
1/17/2012,290,0,0,0
1/18/2012,290,0,0,0
1/19/2012,285,0,0,0
1/20/2012,330,0,0,0
1/21/2012,1286,0,1,0
1/22/2012,547,0,1,0
1/23/2012,259,0,0,0
1/24/2012,354,0,0,0
1/25/2012,210,0,0,0
1/26/2012,216,0,0,0
1/27/2012,392,0,0,0
1/28/2012,549,0,1,0
1/29/2012,366,0,1,0
1/30/2012,118,0,0,0
1/31/2012,317,0,0,0
2/1/2012,262,0,0,0
2/2/2012,285,0,0,0
2/3/2012,327,0,0,0
2/4/2012,609,0,1,0
2/5/2012,345,0,1,0
2/6/2012,131,0,0,0
2/7/2012,460,0,0,0
2/8/2012,257,0,0,0
2/9/2012,206,0,0,0
2/10/2012,393,0,0,0
2/11/2012,774,0,1,0
2/12/2012,524,0,1,0
2/13/2012,285,0,0,0
2/14/2012,301,0,0,0
2/15/2012,410,0,0,0
2/16/2012,362,0,0,0
2/17/2012,554,0,0,0
2/18/2012,795,0,1,0
2/19/2012,814,0,1,0
2/20/2012,1016,1,0,0
2/21/2012,382,0,0,0
2/22/2012,336,0,0,0
2/23/2012,294,0,0,0
2/24/2012,367,0,0,0
2/25/2012,594,0,1,0
2/26/2012,433,0,1,0
2/27/2012,284,0,0,0
2/28/2012,287,0,0,0
2/29/2012,333,0,0,0
3/1/2012,402,0,0,0
3/2/2012,380,0,0,0
3/3/2012,656,0,1,0
3/4/2012,430,0,1,0
3/5/2012,135,0,0,0
3/6/2012,332,0,0,0
3/7/2012,309,0,0,0
3/8/2012,267,0,0,0
3/9/2012,377,0,0,0
3/10/2012,470,0,1,0
3/11/2012,466,0,1,0
3/12/2012,188,0,0,0
3/13/2012,317,0,0,0
3/14/2012,362,0,0,0
3/15/2012,370,0,0,0
3/16/2012,556,0,0,0
3/17/2012,261,0,1,0
3/18/2012,982,0,1,0
3/19/2012,271,0,0,0
3/20/2012,331,0,0,0
3/21/2012,308,0,0,0
3/22/2012,379,0,0,0
3/23/2012,460,0,0,0
3/24/2012,683,0,1,0
3/25/2012,795,0,1,0
3/26/2012,318,0,0,0
3/27/2012,334,0,0,0
3/28/2012,381,0,0,0
3/29/2012,388,0,0,0
3/30/2012,435,0,0,0
3/31/2012,691,0,1,0
4/1/2012,535,0,1,0
4/2/2012,246,0,0,0
4/3/2012,429,0,0,0
4/4/2012,425,0,0,0
4/5/2012,505,0,0,0
4/6/2012,662,0,0,0
4/7/2012,662,0,1,0
4/8/2012,0,0,1,1
4/9/2012,414,0,0,0
4/10/2012,707,0,0,0
4/11/2012,1429,0,0,0
4/12/2012,1104,0,0,0
4/13/2012,1359,0,0,0
4/14/2012,901,0,1,0
4/15/2012,510,0,1,0
4/16/2012,148,0,0,0
4/17/2012,285,0,0,0
4/18/2012,330,0,0,0
4/19/2012,326,0,0,0
4/20/2012,322,0,0,0
4/21/2012,536,0,1,0
4/22/2012,527,0,1,0
4/23/2012,194,0,0,0
4/24/2012,363,0,0,0
4/25/2012,337,0,0,0
4/26/2012,439,0,0,0
4/27/2012,327,0,0,0
4/28/2012,303,0,1,0
4/29/2012,430,0,1,0
4/30/2012,184,0,0,0
5/1/2012,523,0,0,0
5/2/2012,331,0,0,0
5/3/2012,393,0,0,0
5/4/2012,332,0,0,0
5/5/2012,488,0,1,0
5/6/2012,324,0,1,0
5/7/2012,596,0,0,0
5/8/2012,226,0,0,0
5/9/2012,240,0,0,0
5/10/2012,275,0,0,0
5/11/2012,316,0,0,0
5/12/2012,389,0,1,0
5/13/2012,0,0,1,1
5/14/2012,120,0,0,0
5/15/2012,264,0,0,0
5/16/2012,308,0,0,0
5/17/2012,324,0,0,0
5/18/2012,292,0,0,0
5/19/2012,652,0,1,0
5/20/2012,390,0,1,0
5/21/2012,130,0,0,0
5/22/2012,253,0,0,0
5/23/2012,320,0,0,0
5/24/2012,352,0,0,0
5/25/2012,608,0,0,0
5/26/2012,827,0,1,0
5/27/2012,507,0,1,0
5/28/2012,525,1,0,0
5/29/2012,210,0,0,0
5/30/2012,298,0,0,0
5/31/2012,310,0,0,0
6/1/2012,382,0,0,0
6/2/2012,417,0,1,0
6/3/2012,400,0,1,0
6/4/2012,144,0,0,0
6/5/2012,285,0,0,0
6/6/2012,422,0,0,0
6/7/2012,375,0,0,0
6/8/2012,553,0,0,0
6/9/2012,462,0,1,0
6/10/2012,369,0,1,0
6/11/2012,212,0,0,0
6/12/2012,356,0,0,0
6/13/2012,476,0,0,0
6/14/2012,419,0,0,0
6/15/2012,510,0,0,0
6/16/2012,462,0,1,0
6/17/2012,0,0,1,1
6/18/2012,241,0,0,0
6/19/2012,559,0,0,0
6/20/2012,551,0,0,0
6/21/2012,558,0,0,0
6/22/2012,657,0,0,0
6/23/2012,417,0,1,0
6/24/2012,589,0,1,0
6/25/2012,217,0,0,0
6/26/2012,472,0,0,0
6/27/2012,435,0,0,0
6/28/2012,583,0,0,0
6/29/2012,540,0,0,0
6/30/2012,570,0,1,0
7/1/2012,505,0,1,0
7/2/2012,318,0,0,0
7/3/2012,640,0,0,0
7/4/2012,0,1,0,1
7/5/2012,601,0,0,0
7/6/2012,757,0,0,0
7/7/2012,674,0,1,0
7/8/2012,409,0,1,0
7/9/2012,223,0,0,0
7/10/2012,514,0,0,0
7/11/2012,521,0,0,0
7/12/2012,549,0,0,0
7/13/2012,960,0,0,0
7/14/2012,485,0,1,0
7/15/2012,469,0,1,0
7/16/2012,270,0,0,0
7/17/2012,631,0,0,0
7/18/2012,548,0,0,0
7/19/2012,500,0,0,0
7/20/2012,574,0,0,0
7/21/2012,556,0,1,0
7/22/2012,460,0,1,0
7/23/2012,306,0,0,0
7/24/2012,485,0,0,0
7/25/2012,541,0,0,0
7/26/2012,516,0,0,0
7/27/2012,755,0,0,0
7/28/2012,521,0,1,0
7/29/2012,476,0,1,0
7/30/2012,285,0,0,0
7/31/2012,636,0,0,0
8/1/2012,567,0,0,0
8/2/2012,548,0,0,0
8/3/2012,672,0,0,0
8/4/2012,464,0,1,0
8/5/2012,443,0,1,0
8/6/2012,312,0,0,0
8/7/2012,545,0,0,0
8/8/2012,708,0,0,0
8/9/2012,579,0,0,0
8/10/2012,926,0,0,0
8/11/2012,640,0,1,0
8/12/2012,495,0,1,0
8/13/2012,265,0,0,0
8/14/2012,755,0,0,0
8/15/2012,620,0,0,0
8/16/2012,650,0,0,0
8/17/2012,591,0,0,0
8/18/2012,731,0,1,0
8/19/2012,502,0,1,0
8/20/2012,299,0,0,0
8/21/2012,599,0,0,0
8/22/2012,573,0,0,0
8/23/2012,561,0,0,0
8/24/2012,692,0,0,0
8/25/2012,536,0,1,0
8/26/2012,486,0,1,0
8/27/2012,293,0,0,0
8/28/2012,608,0,0,0
8/29/2012,617,0,0,0
8/30/2012,550,0,0,0
8/31/2012,647,0,0,0
9/1/2012,637,0,1,0
9/2/2012,559,0,1,0
9/3/2012,497,1,0,0
9/4/2012,352,0,0,0
9/5/2012,295,0,0,0
9/6/2012,250,0,0,0
9/7/2012,361,0,0,0
9/8/2012,648,0,1,0
9/9/2012,488,0,1,0
9/10/2012,157,0,0,0
9/11/2012,316,0,0,0
9/12/2012,351,0,0,0
9/13/2012,270,0,0,0
9/14/2012,494,0,0,0
9/15/2012,841,0,1,0
9/16/2012,474,0,1,0
9/17/2012,237,0,0,0
9/18/2012,317,0,0,0
9/19/2012,285,0,0,0
9/20/2012,326,0,0,0
9/21/2012,356,0,0,0
9/22/2012,556,0,1,0
9/23/2012,588,0,1,0
9/24/2012,0,0,0,1
9/25/2012,0,0,0,1
9/26/2012,372,0,0,0
9/27/2012,301,0,0,0
9/28/2012,349,0,0,0
9/29/2012,509,0,1,0
9/30/2012,495,0,1,0
10/1/2012,279,0,0,0
10/2/2012,411,0,0,0
10/3/2012,248,0,0,0
10/4/2012,290,0,0,0
10/5/2012,347,0,0,0
10/6/2012,528,0,1,0
10/7/2012,381,0,1,0
10/8/2012,297,1,0,0
10/9/2012,297,0,0,0
10/10/2012,224,0,0,0
10/11/2012,501,0,0,0
10/12/2012,506,0,0,0
10/13/2012,367,0,1,0
10/14/2012,396,0,1,0
10/15/2012,171,0,0,0
10/16/2012,324,0,0,0
10/17/2012,337,0,0,0
10/18/2012,327,0,0,0
10/19/2012,423,0,0,0
10/20/2012,591,0,1,0
10/21/2012,624,0,1,0
10/22/2012,207,0,0,0
10/23/2012,333,0,0,0
10/24/2012,277,0,0,0
10/25/2012,225,0,0,0
10/26/2012,309,0,0,0
10/27/2012,419,0,1,0
10/28/2012,288,0,1,0
10/29/2012,145,0,0,0
10/30/2012,281,0,0,0
10/31/2012,303,0,0,0
11/1/2012,257,0,0,0
11/2/2012,340,0,0,0
11/3/2012,0,0,1,1
11/4/2012,465,0,1,0
11/5/2012,130,0,0,0
11/6/2012,325,0,0,0
11/7/2012,368,0,0,0
11/8/2012,453,0,0,0
11/9/2012,715,0,0,0
11/10/2012,840,0,1,0
11/11/2012,631,0,1,0
11/12/2012,811,1,0,0
11/13/2012,255,0,0,0
11/14/2012,297,0,0,0
11/15/2012,321,0,0,0
11/16/2012,337,0,0,0
11/17/2012,580,0,1,0
11/18/2012,517,0,1,0
11/19/2012,406,0,0,0
11/20/2012,750,0,0,0
11/21/2012,631,0,0,0
11/22/2012,0,1,0,1
11/23/2012,691,1,0,0
11/24/2012,538,0,1,0
11/25/2012,411,0,1,0
11/26/2012,161,0,0,0
11/27/2012,279,0,0,0
11/28/2012,291,0,0,0
11/29/2012,437,0,0,0
11/30/2012,448,0,0,0
12/1/2012,523,0,1,0
12/2/2012,394,0,1,0
12/3/2012,227,0,0,0
12/4/2012,256,0,0,0
12/5/2012,365,0,0,0
12/6/2012,355,0,0,0
12/7/2012,320,0,0,0
12/8/2012,362,0,1,0
12/9/2012,394,0,1,0
12/10/2012,139,0,0,0
12/11/2012,364,0,0,0
12/12/2012,434,0,0,0
12/13/2012,525,0,0,0
12/14/2012,596,0,0,0
12/15/2012,392,0,1,0
12/16/2012,502,0,1,0
12/17/2012,238,0,0,0
12/18/2012,473,0,0,0
12/19/2012,284,0,0,0
12/20/2012,303,0,0,0
12/21/2012,921,0,0,0
12/22/2012,401,0,1,0
12/23/2012,343,0,1,0
12/24/2012,0,0,0,1
12/25/2012,0,1,0,1
12/26/2012,881,0,0,0
12/27/2012,1089,0,0,0
12/28/2012,1143,0,0,0
12/29/2012,1304,0,1,0
12/30/2012,906,0,1,0
12/31/2012,636,0,0,0
1/1/2013,0,1,0,1
1/2/2013,753,0,0,0
1/3/2013,927,0,0,0
1/4/2013,769,0,0,0
1/5/2013,504,0,1,0
1/6/2013,582,0,1,0
1/7/2013,182,0,0,0
1/8/2013,278,0,0,0
1/9/2013,273,0,0,0
1/10/2013,422,0,0,0
1/11/2013,501,0,0,0
1/12/2013,587,0,1,0
1/13/2013,483,0,1,0
1/14/2013,188,0,0,0
1/15/2013,268,0,0,0
1/16/2013,219,0,0,0
1/17/2013,224,0,0,0
1/18/2013,278,0,0,0
1/19/2013,523,0,1,0
1/20/2013,383,0,1,0
1/21/2013,777,1,0,0
1/22/2013,232,0,0,0
1/23/2013,185,0,0,0
1/24/2013,483,0,0,0
1/25/2013,527,0,0,0
1/26/2013,953,0,1,0
1/27/2013,736,0,1,0
1/28/2013,214,0,0,0
1/29/2013,233,0,0,0
1/30/2013,215,0,0,0
1/31/2013,0,0,0,1
2/1/2013,241,0,0,0
2/2/2013,528,0,1,0
2/3/2013,315,0,1,0
2/4/2013,101,0,0,0
2/5/2013,341,0,0,0
2/6/2013,209,0,0,0
2/7/2013,259,0,0,0
2/8/2013,676,0,0,0
2/9/2013,736,0,1,0
2/10/2013,839,0,1,0
2/11/2013,216,0,0,0
2/12/2013,267,0,0,0
2/13/2013,218,0,0,0
2/14/2013,240,0,0,0
2/15/2013,357,0,0,0
2/16/2013,410,0,1,0
2/17/2013,524,0,1,0
2/18/2013,1125,1,0,0
2/19/2013,626,0,0,0
2/20/2013,463,0,0,0
2/21/2013,391,0,0,0
2/22/2013,457,0,0,0
2/23/2013,613,0,1,0
2/24/2013,581,0,1,0
2/25/2013,155,0,0,0
2/26/2013,298,0,0,0
2/27/2013,236,0,0,0
2/28/2013,201,0,0,0
3/1/2013,250,0,0,0
3/2/2013,528,0,1,0
3/3/2013,426,0,1,0
3/4/2013,174,0,0,0
3/5/2013,312,0,0,0
3/6/2013,360,0,0,0
3/7/2013,482,0,0,0
3/8/2013,839,0,0,0
3/9/2013,719,0,1,0
3/10/2013,375,0,1,0
3/11/2013,132,0,0,0
3/12/2013,245,0,0,0
3/13/2013,281,0,0,0
3/14/2013,221,0,0,0
3/15/2013,296,0,0,0
3/16/2013,454,0,1,0
3/17/2013,600,0,1,0
3/18/2013,151,0,0,0
3/19/2013,349,0,0,0
3/20/2013,296,0,0,0
3/21/2013,264,0,0,0
3/22/2013,370,0,0,0
3/23/2013,565,0,1,0
3/24/2013,395,0,1,0
3/25/2013,197,0,0,0
3/26/2013,399,0,0,0
3/27/2013,482,0,0,0
3/28/2013,455,0,0,0
3/29/2013,618,0,0,0
3/30/2013,435,0,1,0
3/31/2013,0,0,1,1
4/1/2013,520,0,0,0
4/2/2013,841,0,0,0
4/3/2013,736,0,0,0
4/4/2013,732,0,0,0
4/5/2013,890,0,0,0
4/6/2013,594,0,1,0
4/7/2013,435,0,1,0
4/8/2013,292,0,0,0
4/9/2013,421,0,0,0
4/10/2013,430,0,0,0
4/11/2013,425,0,0,0
4/12/2013,670,0,0,0
4/13/2013,727,0,1,0
4/14/2013,625,0,1,0
4/15/2013,251,0,0,0
4/16/2013,416,0,0,0
4/17/2013,217,0,0,0
4/18/2013,317,0,0,0
4/19/2013,335,0,0,0
4/20/2013,606,0,1,0
4/21/2013,417,0,1,0
4/22/2013,223,0,0,0
4/23/2013,287,0,0,0
4/24/2013,364,0,0,0
4/25/2013,334,0,0,0
4/26/2013,314,0,0,0
4/27/2013,277,0,1,0
4/28/2013,448,0,1,0
4/29/2013,123,0,0,0
4/30/2013,305,0,0,0
5/1/2013,263,0,0,0
5/2/2013,296,0,0,0
5/3/2013,343,0,0,0
5/4/2013,476,0,1,0
5/5/2013,569,0,1,0
5/6/2013,267,0,0,0
5/7/2013,443,0,0,0
5/8/2013,326,0,0,0
5/9/2013,296,0,0,0
5/10/2013,394,0,0,0
5/11/2013,431,0,1,0
5/12/2013,0,0,1,1
5/13/2013,170,0,0,0
5/14/2013,326,0,0,0
5/15/2013,278,0,0,0
5/16/2013,237,0,0,0
5/17/2013,370,0,0,0
5/18/2013,475,0,1,0
5/19/2013,352,0,1,0
5/20/2013,125,0,0,0
5/21/2013,324,0,0,0
5/22/2013,275,0,0,0
5/23/2013,309,0,0,0
5/24/2013,518,0,0,0
5/25/2013,531,0,1,0
5/26/2013,651,0,1,0
5/27/2013,407,1,0,0
5/28/2013,299,0,0,0
5/29/2013,309,0,0,0
5/30/2013,300,0,0,0
5/31/2013,326,0,0,0
6/1/2013,465,0,1,0
6/2/2013,383,0,1,0
6/3/2013,154,0,0,0
6/4/2013,419,0,0,0
6/5/2013,292,0,0,0
6/6/2013,299,0,0,0
6/7/2013,421,0,0,0
6/8/2013,895,0,1,0
6/9/2013,534,0,1,0
6/10/2013,119,0,0,0
6/11/2013,414,0,0,0
6/12/2013,462,0,0,0
6/13/2013,482,0,0,0
6/14/2013,791,0,0,0
6/15/2013,432,0,1,0
6/16/2013,0,0,1,1
6/17/2013,220,0,0,0
6/18/2013,577,0,0,0
6/19/2013,528,0,0,0
6/20/2013,543,0,0,0
6/21/2013,627,0,0,0
6/22/2013,507,0,1,0
6/23/2013,435,0,1,0
6/24/2013,327,0,0,0
6/25/2013,507,0,0,0
6/26/2013,518,0,0,0
6/27/2013,501,0,0,0
6/28/2013,699,0,0,0
6/29/2013,594,0,1,0
6/30/2013,587,0,1,0
7/1/2013,304,0,0,0
7/2/2013,675,0,0,0
7/3/2013,550,0,0,0
7/4/2013,0,1,0,1
7/5/2013,740,0,0,0
7/6/2013,648,0,1,0
7/7/2013,550,0,1,0
7/8/2013,282,0,0,0
7/9/2013,554,0,0,0
7/10/2013,556,0,0,0
7/11/2013,727,0,0,0
7/12/2013,827,0,0,0
7/13/2013,527,0,1,0
7/14/2013,536,0,1,0
7/15/2013,283,0,0,0
7/16/2013,658,0,0,0
7/17/2013,610,0,0,0
7/18/2013,643,0,0,0
7/19/2013,798,0,0,0
7/20/2013,712,0,1,0
7/21/2013,593,0,1,0
7/22/2013,333,0,0,0
7/23/2013,898,0,0,0
7/24/2013,866,0,0,0
7/25/2013,534,0,0,0
7/26/2013,725,0,0,0
7/27/2013,508,0,1,0
7/28/2013,471,0,1,0
7/29/2013,272,0,0,0
7/30/2013,581,0,0,0
7/31/2013,581,0,0,0
8/1/2013,567,0,0,0
8/2/2013,596,0,0,0
8/3/2013,467,0,1,0
8/4/2013,509,0,1,0
8/5/2013,299,0,0,0
8/6/2013,617,0,0,0
8/7/2013,478,0,0,0
8/8/2013,508,0,0,0
8/9/2013,834,0,0,0
8/10/2013,588,0,1,0
8/11/2013,454,0,1,0
8/12/2013,210,0,0,0
8/13/2013,594,0,0,0
8/14/2013,464,0,0,0
8/15/2013,555,0,0,0
8/16/2013,588,0,0,0
8/17/2013,533,0,1,0
8/18/2013,400,0,1,0
8/19/2013,259,0,0,0
8/20/2013,557,0,0,0
8/21/2013,453,0,0,0
8/22/2013,584,0,0,0
8/23/2013,523,0,0,0
8/24/2013,540,0,1,0
8/25/2013,403,0,1,0
8/26/2013,301,0,0,0
8/27/2013,542,0,0,0
8/28/2013,580,0,0,0
8/29/2013,578,0,0,0
8/30/2013,773,0,0,0
8/31/2013,754,0,1,0
9/1/2013,649,0,1,0
9/2/2013,443,1,0,0
9/3/2013,428,0,0,0
9/4/2013,464,0,0,0
9/5/2013,452,0,0,0
9/6/2013,530,0,0,0
9/7/2013,597,0,1,0
9/8/2013,429,0,1,0
9/9/2013,209,0,0,0
9/10/2013,240,0,0,0
9/11/2013,217,0,0,0
9/12/2013,297,0,0,0
9/13/2013,438,0,0,0
9/14/2013,610,0,1,0
9/15/2013,458,0,1,0
9/16/2013,167,0,0,0
9/17/2013,287,0,0,0
9/18/2013,277,0,0,0
9/19/2013,394,0,0,0
9/20/2013,375,0,0,0
9/21/2013,625,0,1,0
9/22/2013,445,0,1,0
9/23/2013,176,0,0,0
9/24/2013,351,0,0,0
9/25/2013,276,0,0,0
9/26/2013,361,0,0,0
9/27/2013,293,0,0,0
9/28/2013,478,0,1,0
9/29/2013,439,0,1,0
9/30/2013,159,0,0,0
10/1/2013,234,0,0,0
10/2/2013,281,0,0,0
10/3/2013,323,0,0,0
10/4/2013,452,0,0,0
10/5/2013,519,0,1,0
10/6/2013,457,0,1,0
10/7/2013,203,0,0,0
10/8/2013,249,0,0,0
10/9/2013,441,0,0,0
10/10/2013,346,0,0,0
10/11/2013,429,0,0,0
10/12/2013,396,0,1,0
10/13/2013,362,0,1,0
10/14/2013,220,1,0,0
10/15/2013,286,0,0,0
10/16/2013,232,0,0,0
10/17/2013,293,0,0,0
10/18/2013,329,0,0,0
10/19/2013,390,0,1,0
10/20/2013,406,0,1,0
10/21/2013,133,0,0,0
10/22/2013,271,0,0,0
10/23/2013,221,0,0,0
10/24/2013,280,0,0,0
10/25/2013,288,0,0,0
10/26/2013,475,0,1,0
10/27/2013,382,0,1,0
10/28/2013,183,0,0,0
10/29/2013,379,0,0,0
10/30/2013,247,0,0,0
10/31/2013,427,0,0,0
11/1/2013,411,0,0,0
11/2/2013,0,0,1,1
11/3/2013,464,0,1,0
11/4/2013,194,0,0,0
11/5/2013,294,0,0,0
11/6/2013,278,0,0,0
11/7/2013,300,0,0,0
11/8/2013,552,0,0,0
11/9/2013,658,0,1,0
11/10/2013,673,0,1,0
11/11/2013,899,1,0,0
11/12/2013,261,0,0,0
11/13/2013,232,0,0,0
11/14/2013,324,0,0,0
11/15/2013,365,0,0,0
11/16/2013,583,0,1,0
11/17/2013,415,0,1,0
11/18/2013,146,0,0,0
11/19/2013,344,0,0,0
11/20/2013,300,0,0,0
11/21/2013,457,0,0,0
11/22/2013,440,0,0,0
11/23/2013,649,0,1,0
11/24/2013,493,0,1,0
11/25/2013,446,0,0,0
11/26/2013,571,0,0,0
11/27/2013,586,0,0,0
11/28/2013,0,1,0,1
11/29/2013,1147,1,0,0
11/30/2013,596,0,1,0
12/1/2013,323,0,1,0
12/2/2013,143,0,0,0
12/3/2013,309,0,0,0
12/4/2013,321,0,0,0
12/5/2013,317,0,0,0
12/6/2013,297,0,0,0
12/7/2013,578,0,1,0
12/8/2013,282,0,1,0
12/9/2013,199,0,0,0
12/10/2013,359,0,0,0
12/11/2013,356,0,0,0
12/12/2013,412,0,0,0
12/13/2013,498,0,0,0
12/14/2013,514,0,1,0
12/15/2013,387,0,1,0
12/16/2013,124,0,0,0
12/17/2013,285,0,0,0
12/18/2013,255,0,0,0
12/19/2013,407,0,0,0
12/20/2013,243,0,0,0
12/21/2013,481,0,1,0
12/22/2013,402,0,1,0
12/23/2013,499,0,0,0
12/24/2013,0,0,0,1
12/25/2013,0,1,0,1
12/26/2013,519,0,0,0
12/27/2013,896,0,0,0
12/28/2013,787,0,1,0
12/29/2013,546,0,1,0
12/30/2013,807,0,0,0
12/31/2013,736,0,0,0
1/1/2014,0,1,0,1
1/2/2014,811,0,0,0
1/3/2014,905,0,0,0
1/4/2014,609,0,1,0
1/5/2014,406,0,1,0
1/6/2014,168,0,0,0
1/7/2014,272,0,0,0
1/8/2014,271,0,0,0
1/9/2014,391,0,0,0
1/10/2014,497,0,0,0
1/11/2014,577,0,1,0
1/12/2014,519,0,1,0
1/13/2014,179,0,0,0
1/14/2014,198,0,0,0
1/15/2014,230,0,0,0
1/16/2014,326,0,0,0
1/17/2014,278,0,0,0
1/18/2014,587,0,1,0
1/19/2014,460,0,1,0
1/20/2014,776,1,0,0
1/21/2014,260,0,0,0
1/22/2014,233,0,0,0
1/23/2014,210,0,0,0
1/24/2014,350,0,0,0
1/25/2014,714,0,1,0
1/26/2014,506,0,1,0
1/27/2014,142,0,0,0
1/28/2014,235,0,0,0
1/29/2014,222,0,0,0
1/30/2014,337,0,0,0
1/31/2014,457,0,0,0
2/1/2014,580,0,1,0
2/2/2014,445,0,1,0
2/3/2014,214,0,0,0
2/4/2014,304,0,0,0
2/5/2014,252,0,0,0
2/6/2014,353,0,0,0
2/7/2014,409,0,0,0
2/8/2014,695,0,1,0
2/9/2014,517,0,1,0
2/10/2014,257,0,0,0
2/11/2014,192,0,0,0
2/12/2014,241,0,0,0
2/13/2014,275,0,0,0
2/14/2014,601,0,0,0
2/15/2014,610,0,1,0
2/16/2014,633,0,1,0
2/17/2014,842,1,0,0
2/18/2014,279,0,0,0
2/19/2014,401,0,0,0
2/20/2014,270,0,0,0
2/21/2014,369,0,0,0
2/22/2014,642,0,1,0
2/23/2014,507,0,1,0
2/24/2014,163,0,0,0
2/25/2014,252,0,0,0
2/26/2014,284,0,0,0
2/27/2014,474,0,0,0
2/28/2014,588,0,0,0
3/1/2014,1126,0,1,0
3/2/2014,1049,0,1,0
3/3/2014,264,0,0,0
3/4/2014,407,0,0,0
3/5/2014,402,0,0,0
3/6/2014,315,0,0,0
3/7/2014,441,0,0,0
3/8/2014,564,0,1,0
3/9/2014,412,0,1,0
3/10/2014,154,0,0,0
3/11/2014,222,0,0,0
3/12/2014,345,0,0,0
3/13/2014,305,0,0,0
3/14/2014,572,0,0,0
3/15/2014,676,0,1,0
3/16/2014,468,0,1,0
3/17/2014,287,0,0,0
3/18/2014,312,0,0,0
3/19/2014,256,0,0,0
3/20/2014,345,0,0,0
3/21/2014,495,0,0,0
3/22/2014,629,0,1,0
3/23/2014,656,0,1,0
3/24/2014,222,0,0,0
3/25/2014,576,0,0,0
3/26/2014,650,0,0,0
3/27/2014,479,0,0,0
3/28/2014,610,0,0,0
3/29/2014,629,0,1,0
3/30/2014,569,0,1,0
3/31/2014,273,0,0,0
4/1/2014,442,0,0,0
4/2/2014,585,0,0,0
4/3/2014,569,0,0,0
4/4/2014,592,0,0,0
4/5/2014,708,0,1,0
4/6/2014,467,0,1,0
4/7/2014,260,0,0,0
4/8/2014,396,0,0,0
4/9/2014,331,0,0,0
4/10/2014,408,0,0,0
4/11/2014,539,0,0,0
4/12/2014,494,0,1,0
4/13/2014,518,0,1,0
4/14/2014,367,0,0,0
4/15/2014,527,0,0,0
4/16/2014,646,0,0,0
4/17/2014,648,0,0,0
4/18/2014,799,0,0,0
4/19/2014,500,0,1,0
4/20/2014,0,0,1,1
4/21/2014,334,0,0,0
4/22/2014,486,0,0,0
4/23/2014,480,0,0,0
4/24/2014,490,0,0,0
4/25/2014,528,0,0,0
4/26/2014,485,0,1,0
4/27/2014,621,0,1,0
4/28/2014,161,0,0,0
4/29/2014,354,0,0,0
4/30/2014,340,0,0,0
5/1/2014,404,0,0,0
5/2/2014,376,0,0,0
5/3/2014,548,0,1,0
5/4/2014,510,0,1,0
5/5/2014,162,0,0,0
5/6/2014,339,0,0,0
5/7/2014,244,0,0,0
5/8/2014,227,0,0,0
5/9/2014,341,0,0,0
5/10/2014,440,0,1,0
5/11/2014,0,0,1,1
5/12/2014,182,0,0,0
5/13/2014,346,0,0,0
5/14/2014,352,0,0,0
5/15/2014,451,0,0,0
5/16/2014,462,0,0,0
5/17/2014,626,0,1,0
5/18/2014,396,0,1,0
5/19/2014,229,0,0,0
5/20/2014,295,0,0,0
5/21/2014,281,0,0,0
5/22/2014,367,0,0,0
5/23/2014,532,0,0,0
5/24/2014,847,0,1,0
5/25/2014,718,0,1,0
5/26/2014,411,1,0,0
5/27/2014,237,0,0,0
5/28/2014,308,0,0,0
5/29/2014,341,0,0,0
5/30/2014,347,0,0,0
5/31/2014,582,0,1,0
6/1/2014,371,0,1,0
6/2/2014,144,0,0,0
6/3/2014,311,0,0,0
6/4/2014,313,0,0,0
6/5/2014,368,0,0,0
6/6/2014,413,0,0,0
6/7/2014,827,0,1,0
6/8/2014,454,0,1,0
6/9/2014,276,0,0,0
6/10/2014,370,0,0,0
6/11/2014,415,0,0,0
6/12/2014,411,0,0,0
6/13/2014,763,0,0,0
6/14/2014,519,0,1,0
6/15/2014,0,0,1,1
6/16/2014,269,0,0,0
6/17/2014,472,0,0,0
6/18/2014,487,0,0,0
6/19/2014,605,0,0,0
6/20/2014,605,0,0,0
6/21/2014,660,0,1,0
6/22/2014,502,0,1,0
6/23/2014,283,0,0,0
6/24/2014,455,0,0,0
6/25/2014,655,0,0,0
6/26/2014,530,0,0,0
6/27/2014,699,0,0,0
6/28/2014,610,0,1,0
6/29/2014,560,0,1,0
6/30/2014,330,0,0,0
7/1/2014,560,0,0,0
7/2/2014,666,0,0,0
7/3/2014,638,0,0,0
7/4/2014,0,1,0,1
7/5/2014,608,0,1,0
7/6/2014,669,0,1,0
7/7/2014,312,0,0,0
7/8/2014,585,0,0,0
7/9/2014,544,0,0,0
7/10/2014,557,0,0,0
7/11/2014,918,0,0,0
7/12/2014,572,0,1,0
7/13/2014,436,0,1,0
7/14/2014,281,0,0,0
7/15/2014,619,0,0,0
7/16/2014,630,0,0,0
7/17/2014,620,0,0,0
7/18/2014,613,0,0,0
7/19/2014,649,0,1,0
7/20/2014,492,0,1,0
7/21/2014,306,0,0,0
7/22/2014,583,0,0,0
7/23/2014,617,0,0,0
7/24/2014,657,0,0,0
7/25/2014,680,0,0,0
7/26/2014,690,0,1,0
7/27/2014,662,0,1,0
7/28/2014,362,0,0,0
7/29/2014,738,0,0,0
7/30/2014,621,0,0,0
7/31/2014,716,0,0,0
8/1/2014,637,0,0,0
8/2/2014,619,0,1,0
8/3/2014,657,0,1,0
8/4/2014,324,0,0,0
8/5/2014,663,0,0,0
8/6/2014,602,0,0,0
8/7/2014,669,0,0,0
8/8/2014,936,0,0,0
8/9/2014,600,0,1,0
8/10/2014,517,0,1,0
8/11/2014,367,0,0,0
8/12/2014,683,0,0,0
8/13/2014,650,0,0,0
8/14/2014,739,0,0,0
8/15/2014,681,0,0,0
8/16/2014,734,0,1,0
8/17/2014,574,0,1,0
8/18/2014,328,0,0,0
8/19/2014,651,0,0,0
8/20/2014,548,0,0,0
8/21/2014,491,0,0,0
8/22/2014,738,0,0,0
8/23/2014,652,0,1,0
8/24/2014,511,0,1,0
8/25/2014,322,0,0,0
8/26/2014,572,0,0,0
8/27/2014,499,0,0,0
8/28/2014,705,0,0,0
8/29/2014,792,0,0,0
8/30/2014,839,0,1,0
8/31/2014,833,0,1,0
9/1/2014,579,1,0,0
9/2/2014,396,0,0,0
9/3/2014,366,0,0,0
9/4/2014,311,0,0,0
9/5/2014,323,0,0,0
9/6/2014,545,0,1,0
9/7/2014,607,0,1,0
9/8/2014,215,0,0,0
9/9/2014,336,0,0,0
9/10/2014,314,0,0,0
9/11/2014,350,0,0,0
9/12/2014,643,0,0,0
9/13/2014,748,0,1,0
9/14/2014,731,0,1,0
9/15/2014,0,0,0,1
9/16/2014,0,0,0,1
9/17/2014,586,0,0,0
9/18/2014,401,0,0,0
9/19/2014,494,0,0,0
9/20/2014,652,0,1,0
9/21/2014,479,0,1,0
9/22/2014,180,0,0,0
9/23/2014,400,0,0,0
9/24/2014,512,0,0,0
9/25/2014,512,0,0,0
9/26/2014,515,0,0,0
9/27/2014,574,0,1,0
9/28/2014,525,0,1,0
9/29/2014,196,0,0,0
9/30/2014,320,0,0,0
10/1/2014,291,0,0,0
10/2/2014,319,0,0,0
10/3/2014,452,0,0,0
10/4/2014,647,0,1,0
10/5/2014,616,0,1,0
10/6/2014,171,0,0,0
10/7/2014,288,0,0,0
10/8/2014,341,0,0,0
10/9/2014,273,0,0,0
10/10/2014,580,0,0,0
10/11/2014,455,0,1,0
10/12/2014,415,0,1,0
10/13/2014,281,1,0,0
10/14/2014,259,0,0,0
10/15/2014,194,0,0,0
10/16/2014,276,0,0,0
10/17/2014,329,0,0,0
10/18/2014,493,0,1,0
10/19/2014,352,0,1,0
10/20/2014,138,0,0,0
10/21/2014,275,0,0,0
10/22/2014,284,0,0,0
10/23/2014,276,0,0,0
10/24/2014,272,0,0,0
10/25/2014,399,0,1,0
10/26/2014,265,0,1,0
10/27/2014,156,0,0,0
10/28/2014,266,0,0,0
10/29/2014,231,0,0,0
10/30/2014,200,0,0,0
10/31/2014,742,0,0,0
11/1/2014,741,0,1,0
11/2/2014,534,0,1,0
11/3/2014,202,0,0,0
11/4/2014,255,0,0,0
11/5/2014,275,0,0,0
11/6/2014,290,0,0,0
11/7/2014,328,0,0,0
11/8/2014,0,0,1,1
11/9/2014,497,0,1,0
11/10/2014,364,0,0,0
11/11/2014,1108,1,0,0
11/12/2014,246,0,0,0
11/13/2014,291,0,0,0
11/14/2014,491,0,0,0
11/15/2014,555,0,1,0
11/16/2014,513,0,1,0
11/17/2014,146,0,0,0
11/18/2014,264,0,0,0
11/19/2014,317,0,0,0
11/20/2014,268,0,0,0
11/21/2014,311,0,0,0
11/22/2014,443,0,1,0
11/23/2014,474,0,1,0
11/24/2014,463,0,0,0
11/25/2014,511,0,0,0
11/26/2014,540,0,0,0
11/27/2014,0,1,0,1
11/28/2014,532,1,0,0
11/29/2014,595,0,1,0
11/30/2014,459,0,1,0
12/1/2014,184,0,0,0
12/2/2014,456,0,0,0
12/3/2014,422,0,0,0
12/4/2014,281,0,0,0
12/5/2014,282,0,0,0
12/6/2014,395,0,1,0
12/7/2014,378,0,1,0
12/8/2014,183,0,0,0
12/9/2014,363,0,0,0
12/10/2014,277,0,0,0
12/11/2014,357,0,0,0
12/12/2014,525,0,0,0
12/13/2014,541,0,1,0
12/14/2014,422,0,1,0
12/15/2014,182,0,0,0
12/16/2014,431,0,0,0
12/17/2014,349,0,0,0
12/18/2014,297,0,0,0
12/19/2014,370,0,0,0
12/20/2014,352,0,1,0
12/21/2014,323,0,1,0
12/22/2014,447,0,0,0
12/23/2014,561,0,0,0
12/24/2014,22,0,0,1
12/25/2014,27,1,0,1
12/26/2014,627,0,0,0
12/27/2014,720,0,1,0
12/28/2014,542,0,1,0
12/29/2014,572,0,0,0
12/30/2014,1229,0,0,0
12/31/2014,1550,0,0,0
1/1/2015,0,1,0,1
1/2/2015,1069,0,0,0
1/3/2015,716,0,1,0
1/4/2015,424,0,1,0
1/5/2015,166,0,0,0
1/6/2015,331,0,0,0
1/7/2015,302,0,0,0
1/8/2015,337,0,0,0
1/9/2015,438,0,0,0
1/10/2015,840,0,1,0
1/11/2015,799,0,1,0
1/12/2015,262,0,0,0
1/13/2015,265,0,0,0
1/14/2015,227,0,0,0
1/15/2015,287,0,0,0
1/16/2015,340,0,0,0
1/17/2015,590,0,1,0
1/18/2015,504,0,1,0
1/19/2015,754,1,0,0
1/20/2015,252,0,0,0
1/21/2015,246,0,0,0
1/22/2015,301,0,0,0
1/23/2015,348,0,0,0
1/24/2015,780,0,1,0
1/25/2015,701,0,1,0
1/26/2015,179,0,0,0
1/27/2015,315,0,0,0
1/28/2015,364,0,0,0
1/29/2015,413,0,0,0
1/30/2015,545,0,0,0
1/31/2015,1100,0,1,0
2/1/2015,471,0,1,0
2/2/2015,180,0,0,0
2/3/2015,340,0,0,0
2/4/2015,337,0,0,0
2/5/2015,313,0,0,0
2/6/2015,375,0,0,0
2/7/2015,883,0,1,0
2/8/2015,699,0,1,0
2/9/2015,289,0,0,0
2/10/2015,368,0,0,0
2/11/2015,222,0,0,0
2/12/2015,300,0,0,0
2/13/2015,711,0,0,0
2/14/2015,949,0,1,0
2/15/2015,724,0,1,0
2/16/2015,1135,1,0,0
2/17/2015,406,0,0,0
2/18/2015,313,0,0,0
2/19/2015,427,0,0,0
2/20/2015,419,0,0,0
2/21/2015,879,0,1,0
2/22/2015,924,0,1,0
2/23/2015,269,0,0,0
2/24/2015,374,0,0,0
2/25/2015,281,0,0,0
2/26/2015,290,0,0,0
2/27/2015,419,0,0,0
2/28/2015,1155,0,1,0
3/1/2015,1105,0,1,0
3/2/2015,341,0,0,0
3/3/2015,366,0,0,0
3/4/2015,275,0,0,0
3/5/2015,253,0,0,0
3/6/2015,434,0,0,0
3/7/2015,644,0,1,0
3/8/2015,543,0,1,0
3/9/2015,153,0,0,0
3/10/2015,304,0,0,0
3/11/2015,329,0,0,0
3/12/2015,372,0,0,0
3/13/2015,447,0,0,0
3/14/2015,683,0,1,0
3/15/2015,666,0,1,0
3/16/2015,217,0,0,0
3/17/2015,446,0,0,0
3/18/2015,326,0,0,0
3/19/2015,386,0,0,0
3/20/2015,436,0,0,0
3/21/2015,729,0,1,0
3/22/2015,659,0,1,0
3/23/2015,267,0,0,0
3/24/2015,507,0,0,0
3/25/2015,390,0,0,0
3/26/2015,342,0,0,0
3/27/2015,526,0,0,0
3/28/2015,602,0,1,0
3/29/2015,475,0,1,0
3/30/2015,222,0,0,0
3/31/2015,571,0,0,0
4/1/2015,600,0,0,0
4/2/2015,508,0,0,0
4/3/2015,569,0,0,0
4/4/2015,800,0,1,0
4/5/2015,7,0,1,1
4/6/2015,466,0,0,0
4/7/2015,1061,0,0,0
4/8/2015,891,0,0,0
4/9/2015,909,0,0,0
4/10/2015,877,0,0,0
4/11/2015,986,0,1,0
4/12/2015,678,0,1,0
4/13/2015,146,0,0,0
4/14/2015,374,0,0,0
4/15/2015,367,0,0,0
4/16/2015,391,0,0,0
4/17/2015,465,0,0,0
4/18/2015,644,0,1,0
4/19/2015,975,0,1,0
4/20/2015,204,0,0,0
4/21/2015,510,0,0,0
4/22/2015,450,0,0,0
4/23/2015,468,0,0,0
4/24/2015,560,0,0,0
4/25/2015,991,0,1,0
4/26/2015,920,0,1,0
4/27/2015,155,0,0,0
4/28/2015,401,0,0,0
4/29/2015,307,0,0,0
4/30/2015,367,0,0,0
5/1/2015,382,0,0,0
5/2/2015,582,0,1,0
5/3/2015,504,0,1,0
5/4/2015,209,0,0,0
5/5/2015,303,0,0,0
5/6/2015,272,0,0,0
5/7/2015,373,0,0,0
5/8/2015,668,0,0,0
5/9/2015,742,0,1,0
5/10/2015,0,0,1,1
5/11/2015,162,0,0,0
5/12/2015,314,0,0,0
5/13/2015,261,0,0,0
5/14/2015,370,0,0,0
5/15/2015,723,0,0,0
5/16/2015,572,0,1,0
5/17/2015,502,0,1,0
5/18/2015,225,0,0,0
5/19/2015,291,0,0,0
5/20/2015,222,0,0,0
5/21/2015,349,0,0,0
5/22/2015,537,0,0,0
5/23/2015,833,0,1,0
5/24/2015,707,0,1,0
5/25/2015,539,1,0,0
5/26/2015,270,0,0,0
5/27/2015,247,0,0,0
5/28/2015,332,0,0,0
5/29/2015,297,0,0,0
5/30/2015,487,0,1,0
5/31/2015,443,0,1,0
6/1/2015,175,0,0,0
6/2/2015,408,0,0,0
6/3/2015,287,0,0,0
6/4/2015,380,0,0,0
6/5/2015,384,0,0,0
6/6/2015,748,0,1,0
6/7/2015,453,0,1,0
6/8/2015,229,0,0,0
6/9/2015,454,0,0,0
6/10/2015,299,0,0,0
6/11/2015,413,0,0,0
6/12/2015,649,0,0,0
6/13/2015,524,0,1,0
6/14/2015,460,0,1,0
6/15/2015,255,0,0,0
6/16/2015,426,0,0,0
6/17/2015,458,0,0,0
6/18/2015,475,0,0,0
6/19/2015,509,0,0,0
6/20/2015,392,0,1,0
6/21/2015,0,0,1,1
6/22/2015,350,0,0,0
6/23/2015,527,0,0,0
6/24/2015,482,0,0,0
6/25/2015,613,0,0,0
6/26/2015,466,0,0,0
6/27/2015,579,0,1,0
6/28/2015,538,0,1,0
6/29/2015,282,0,0,0
6/30/2015,562,0,0,0
7/1/2015,491,0,0,0
7/2/2015,532,0,0,0
7/3/2015,953,0,0,0
7/4/2015,8,1,1,1
7/5/2015,458,0,1,0
7/6/2015,293,0,0,0
7/7/2015,590,0,0,0
7/8/2015,564,0,0,0
7/9/2015,596,0,0,0
7/10/2015,691,0,0,0
7/11/2015,622,0,1,0
7/12/2015,526,0,1,0
7/13/2015,277,0,0,0
7/14/2015,537,0,0,0
7/15/2015,444,0,0,0
7/16/2015,534,0,0,0
7/17/2015,553,0,0,0
7/18/2015,840,0,1,0
7/19/2015,690,0,1,0
7/20/2015,365,0,0,0
7/21/2015,748,0,0,0
7/22/2015,614,0,0,0
7/23/2015,483,0,0,0
7/24/2015,604,0,0,0
7/25/2015,604,0,1,0
7/26/2015,518,0,1,0
7/27/2015,256,0,0,0
7/28/2015,656,0,0,0
7/29/2015,591,0,0,0
7/30/2015,507,0,0,0
7/31/2015,603,0,0,0
8/1/2015,564,0,1,0
8/2/2015,477,0,1,0
8/3/2015,320,0,0,0
8/4/2015,589,0,0,0
8/5/2015,574,0,0,0
8/6/2015,573,0,0,0
8/7/2015,525,0,0,0
8/8/2015,546,0,1,0
8/9/2015,452,0,1,0
8/10/2015,334,0,0,0
8/11/2015,540,0,0,0
8/12/2015,434,0,0,0
8/13/2015,468,0,0,0
8/14/2015,806,0,0,0
8/15/2015,724,0,1,0
8/16/2015,648,0,1,0
8/17/2015,255,0,0,0
8/18/2015,543,0,0,0
8/19/2015,580,0,0,0
8/20/2015,537,0,0,0
8/21/2015,568,0,0,0
8/22/2015,593,0,1,0
8/23/2015,440,0,1,0
8/24/2015,309,0,0,0
8/25/2015,537,0,0,0
8/26/2015,489,0,0,0
8/27/2015,769,0,0,0
8/28/2015,743,0,0,0
8/29/2015,809,0,1,0
8/30/2015,580,0,1,0
8/31/2015,303,0,0,0
9/1/2015,456,0,0,0
9/2/2015,381,0,0,0
9/3/2015,363,0,0,0
9/4/2015,476,0,0,0
9/5/2015,673,0,1,0
9/6/2015,660,0,1,0
9/7/2015,533,1,0,0
9/8/2015,388,0,0,0
9/9/2015,417,0,0,0
9/10/2015,440,0,0,0
9/11/2015,589,0,0,0
9/12/2015,616,0,1,0
9/13/2015,519,0,1,0
9/14/2015,176,0,0,0
9/15/2015,444,0,0,0
9/16/2015,274,0,0,0
9/17/2015,241,0,0,0
9/18/2015,319,0,0,0
9/19/2015,740,0,1,0
9/20/2015,557,0,1,0
9/21/2015,162,0,0,0
9/22/2015,352,0,0,0
9/23/2015,369,0,0,0
9/24/2015,365,0,0,0
9/25/2015,432,0,0,0
9/26/2015,714,0,1,0
9/27/2015,599,0,1,0
9/28/2015,169,0,0,0
9/29/2015,333,0,0,0
9/30/2015,294,0,0,0
10/1/2015,306,0,0,0
10/2/2015,299,0,0,0
10/3/2015,566,0,1,0
10/4/2015,630,0,1,0
10/5/2015,189,0,0,0
10/6/2015,342,0,0,0
10/7/2015,286,0,0,0
10/8/2015,286,0,0,0
10/9/2015,478,0,0,0
10/10/2015,653,0,1,0
10/11/2015,616,0,1,0
10/12/2015,274,1,0,0
10/13/2015,356,0,0,0
10/14/2015,319,0,0,0
10/15/2015,282,0,0,0
10/16/2015,380,0,0,0
10/17/2015,482,0,1,0
10/18/2015,351,0,1,0
10/19/2015,148,0,0,0
10/20/2015,240,0,0,0
10/21/2015,218,0,0,0
10/22/2015,211,0,0,0
10/23/2015,326,0,0,0
10/24/2015,343,0,1,0
10/25/2015,328,0,1,0
10/26/2015,155,0,0,0
10/27/2015,277,0,0,0
10/28/2015,269,0,0,0
10/29/2015,239,0,0,0
10/30/2015,320,0,0,0
10/31/2015,829,0,1,0
11/1/2015,366,0,1,0
11/2/2015,211,0,0,0
11/3/2015,313,0,0,0
11/4/2015,262,0,0,0
11/5/2015,311,0,0,0
11/6/2015,364,0,0,0
11/7/2015,482,0,1,0
11/8/2015,366,0,1,0
11/9/2015,170,0,0,0
11/10/2015,280,0,0,0
11/11/2015,1045,1,0,0
11/12/2015,227,0,0,0
11/13/2015,340,0,0,0
11/14/2015,518,0,1,0
11/15/2015,446,0,1,0
11/16/2015,187,0,0,0
11/17/2015,341,0,0,0
11/18/2015,253,0,0,0
11/19/2015,185,0,0,0
11/20/2015,217,0,0,0
11/21/2015,486,0,1,0
11/22/2015,352,0,1,0
11/23/2015,381,0,0,0
11/24/2015,552,0,0,0
11/25/2015,534,0,0,0
11/26/2015,0,1,0,1
11/27/2015,597,1,0,0
11/28/2015,571,0,1,0
11/29/2015,308,0,1,0
11/30/2015,126,0,0,0
12/1/2015,252,0,0,0
12/2/2015,232,0,0,0
12/3/2015,209,0,0,0
12/4/2015,251,0,0,0
12/5/2015,398,0,1,0
12/6/2015,334,0,1,0
12/7/2015,120,0,0,0
12/8/2015,262,0,0,0
12/9/2015,215,0,0,0
12/10/2015,266,0,0,0
12/11/2015,411,0,0,0
12/12/2015,361,0,1,0
12/13/2015,444,0,1,0
12/14/2015,199,0,0,0
12/15/2015,305,0,0,0
12/16/2015,249,0,0,0
12/17/2015,209,0,0,0
12/18/2015,363,0,0,0
12/19/2015,322,0,1,0
12/20/2015,346,0,1,0
12/21/2015,370,0,0,0
12/22/2015,984,0,0,0
12/23/2015,552,0,0,0
12/24/2015,0,0,0,1
12/25/2015,0,1,0,1
12/26/2015,551,0,1,0
12/27/2015,682,0,1,0
12/28/2015,481,0,0,0
12/29/2015,984,0,0,0
12/30/2015,955,0,0,0
12/31/2015,1506,0,0,0
1/1/2016,0,1,0,1
1/2/2016,733,0,1,0
1/3/2016,385,0,1,0
1/4/2016,205,0,0,0
1/5/2016,399,0,0,0
1/6/2016,435,0,0,0
1/7/2016,460,0,0,0
1/8/2016,555,0,0,0
1/9/2016,800,0,1,0
1/10/2016,582,0,1,0
1/11/2016,127,0,0,0
1/12/2016,255,0,0,0
1/13/2016,310,0,0,0
1/14/2016,261,0,0,0
1/15/2016,448,0,0,0
1/16/2016,717,0,1,0
1/17/2016,546,0,1,0
1/18/2016,814,1,0,0
1/19/2016,289,0,0,0
1/20/2016,337,0,0,0
1/21/2016,257,0,0,0
1/22/2016,307,0,0,0
1/23/2016,777,0,1,0
1/24/2016,454,0,1,0
1/25/2016,177,0,0,0
1/26/2016,264,0,0,0
1/27/2016,227,0,0,0
1/28/2016,265,0,0,0
1/29/2016,395,0,0,0
1/30/2016,773,0,1,0
1/31/2016,932,0,1,0
2/1/2016,239,0,0,0
2/2/2016,312,0,0,0
2/3/2016,288,0,0,0
2/4/2016,242,0,0,0
2/5/2016,306,0,0,0
2/6/2016,493,0,1,0
2/7/2016,263,0,1,0
2/8/2016,203,0,0,0
2/9/2016,235,0,0,0
2/10/2016,248,0,0,0
2/11/2016,213,0,0,0
2/12/2016,480,0,0,0
2/13/2016,572,0,1,0
2/14/2016,548,0,1,0
2/15/2016,897,1,0,0
2/16/2016,306,0,0,0
2/17/2016,249,0,0,0
2/18/2016,507,0,0,0
2/19/2016,362,0,0,0
2/20/2016,502,0,1,0
2/21/2016,398,0,1,0
2/22/2016,172,0,0,0
2/23/2016,204,0,0,0
2/24/2016,287,0,0,0
2/25/2016,288,0,0,0
2/26/2016,319,0,0,0
2/27/2016,528,0,1,0
2/28/2016,506,0,1,0
2/29/2016,170,0,0,0
3/1/2016,243,0,0,0
3/2/2016,651,0,0,0
3/3/2016,311,0,0,0
3/4/2016,405,0,0,0
3/5/2016,328,0,1,0
3/6/2016,760,0,1,0
3/7/2016,287,0,0,0
3/8/2016,297,0,0,0
3/9/2016,278,0,0,0
3/10/2016,263,0,0,0
3/11/2016,590,0,0,0
3/12/2016,577,0,1,0
3/13/2016,467,0,1,0
3/14/2016,260,0,0,0
3/15/2016,295,0,0,0
3/16/2016,238,0,0,0
3/17/2016,384,0,0,0
3/18/2016,388,0,0,0
3/19/2016,544,0,1,0
3/20/2016,495,0,1,0
3/21/2016,220,0,0,0
3/22/2016,385,0,0,0
3/23/2016,396,0,0,0
3/24/2016,438,0,0,0
3/25/2016,667,0,0,0
3/26/2016,835,0,1,0
3/27/2016,6,0,1,1
3/28/2016,532,0,0,0
3/29/2016,728,0,0,0
3/30/2016,845,0,0,0
3/31/2016,796,0,0,0
4/1/2016,753,0,0,0
4/2/2016,592,0,1,0
4/3/2016,422,0,1,0
4/4/2016,237,0,0,0
4/5/2016,436,0,0,0
4/6/2016,469,0,0,0
4/7/2016,661,0,0,0
4/8/2016,1077,0,0,0
4/9/2016,1296,0,1,0
4/10/2016,758,0,1,0
4/11/2016,221,0,0,0
4/12/2016,319,0,0,0
4/13/2016,310,0,0,0
4/14/2016,366,0,0,0
4/15/2016,410,0,0,0
4/16/2016,587,0,1,0
4/17/2016,400,0,1,0
4/18/2016,194,0,0,0
4/19/2016,342,0,0,0
4/20/2016,326,0,0,0
4/21/2016,350,0,0,0
4/22/2016,417,0,0,0
4/23/2016,520,0,1,0
4/24/2016,445,0,1,0
4/25/2016,164,0,0,0
4/26/2016,345,0,0,0
4/27/2016,395,0,0,0
4/28/2016,388,0,0,0
4/29/2016,343,0,0,0
4/30/2016,646,0,1,0
5/1/2016,467,0,1,0
5/2/2016,139,0,0,0
5/3/2016,265,0,0,0
5/4/2016,338,0,0,0
5/5/2016,322,0,0,0
5/6/2016,634,0,0,0
5/7/2016,622,0,1,0
5/8/2016,0,1,1,1
5/9/2016,202,0,0,0
5/10/2016,257,0,0,0
5/11/2016,315,0,0,0
5/12/2016,266,0,0,0
5/13/2016,429,0,0,0
5/14/2016,570,0,1,0
5/15/2016,516,0,1,0
5/16/2016,205,0,0,0
5/17/2016,299,0,0,0
5/18/2016,292,0,0,0
5/19/2016,325,0,0,0
5/20/2016,295,0,0,0
5/21/2016,668,0,1,0
5/22/2016,464,0,1,0
5/23/2016,171,0,0,0
5/24/2016,349,0,0,0
5/25/2016,327,0,0,0
5/26/2016,326,0,0,0
5/27/2016,406,0,0,0
5/28/2016,663,0,1,0
5/29/2016,548,0,1,0
5/30/2016,425,1,0,0
5/31/2016,293,0,0,0
6/1/2016,294,0,0,0
6/2/2016,275,0,0,0
6/3/2016,359,0,0,0
6/4/2016,570,0,1,0
6/5/2016,404,0,1,0
6/6/2016,176,0,0,0
6/7/2016,328,0,0,0
6/8/2016,417,0,0,0
6/9/2016,390,0,0,0
6/10/2016,602,0,0,0
6/11/2016,856,0,1,0
6/12/2016,571,0,1,0
6/13/2016,256,0,0,0
6/14/2016,511,0,0,0
6/15/2016,444,0,0,0
6/16/2016,404,0,0,0
6/17/2016,431,0,0,0
6/18/2016,515,0,1,0
6/19/2016,352,0,1,0
6/20/2016,421,0,0,0
6/21/2016,604,0,0,0
6/22/2016,493,0,0,0
6/23/2016,537,0,0,0
6/24/2016,547,0,0,0
6/25/2016,590,0,1,0
6/26/2016,436,0,1,0
6/27/2016,299,0,0,0
6/28/2016,580,0,0,0
6/29/2016,572,0,0,0
6/30/2016,565,0,0,0
7/1/2016,618,0,0,0
7/2/2016,599,0,1,0
7/3/2016,613,0,1,0
7/4/2016,0,1,0,1
7/5/2016,485,0,0,0
7/6/2016,566,0,0,0
7/7/2016,509,0,0,0
7/8/2016,718,0,0,0
7/9/2016,639,0,1,0
7/10/2016,445,0,1,0
7/11/2016,295,0,0,0
7/12/2016,582,0,0,0
7/13/2016,522,0,0,0
7/14/2016,604,0,0,0
7/15/2016,600,0,0,0
7/16/2016,486,0,1,0
7/17/2016,572,0,1,0
7/18/2016,322,0,0,0
7/19/2016,504,0,0,0
7/20/2016,649,0,0,0
7/21/2016,675,0,0,0
7/22/2016,847,0,0,0
7/23/2016,792,0,1,0
7/24/2016,698,0,1,0
7/25/2016,354,0,0,0
7/26/2016,695,0,0,0
7/27/2016,555,0,0,0
7/28/2016,740,0,0,0
7/29/2016,713,0,0,0
7/30/2016,691,0,1,0
7/31/2016,587,0,1,0
8/1/2016,327,0,0,0
8/2/2016,652,0,0,0
8/3/2016,634,0,0,0
8/4/2016,613,0,0,0
8/5/2016,615,0,0,0
8/6/2016,797,0,1,0
8/7/2016,539,0,1,0
8/8/2016,282,0,0,0
8/9/2016,630,0,0,0
8/10/2016,527,0,0,0
8/11/2016,848,0,0,0
8/12/2016,825,0,0,0
8/13/2016,743,0,1,0
8/14/2016,595,0,1,0
8/15/2016,358,0,0,0
8/16/2016,719,0,0,0
8/17/2016,650,0,0,0
8/18/2016,669,0,0,0
8/19/2016,684,0,0,0
8/20/2016,665,0,1,0
8/21/2016,547,0,1,0
8/22/2016,360,0,0,0
8/23/2016,646,0,0,0
8/24/2016,590,0,0,0
8/25/2016,489,0,0,0
8/26/2016,594,0,0,0
8/27/2016,744,0,1,0
8/28/2016,600,0,1,0
8/29/2016,234,0,0,0
8/30/2016,505,0,0,0
8/31/2016,511,0,0,0
9/1/2016,549,0,0,0
9/2/2016,612,0,0,0
9/3/2016,791,0,1,0
9/4/2016,790,0,1,0
9/5/2016,637,1,0,0
9/6/2016,338,0,0,0
9/7/2016,335,0,0,0
9/8/2016,299,0,0,0
9/9/2016,440,0,0,0
9/10/2016,675,0,1,0
9/11/2016,544,0,1,0
9/12/2016,184,0,0,0
9/13/2016,404,0,0,0
9/14/2016,296,0,0,0
9/15/2016,277,0,0,0
9/16/2016,422,0,0,0
9/17/2016,678,0,1,0
9/18/2016,646,0,1,0
9/19/2016,202,0,0,0
9/20/2016,397,0,0,0
9/21/2016,346,0,0,0
9/22/2016,391,0,0,0
9/23/2016,379,0,0,0
9/24/2016,791,0,1,0
9/25/2016,670,0,1,0
9/26/2016,322,0,0,0
9/27/2016,465,0,0,0
9/28/2016,377,0,0,0
9/29/2016,369,0,0,0
9/30/2016,424,0,0,0
10/1/2016,13,0,1,1
10/2/2016,674,0,1,0
10/3/2016,201,0,0,0
10/4/2016,362,0,0,0
10/5/2016,250,0,0,0
10/6/2016,369,0,0,0
10/7/2016,469,0,0,0
10/8/2016,622,0,1,0
10/9/2016,595,0,1,0
10/10/2016,318,1,0,0
10/11/2016,367,0,0,0
10/12/2016,439,0,0,0
10/13/2016,298,0,0,0
10/14/2016,451,0,0,0
10/15/2016,606,0,1,0
10/16/2016,542,0,1,0
10/17/2016,315,0,0,0
10/18/2016,302,0,0,0
10/19/2016,318,0,0,0
10/20/2016,421,0,0,0
10/21/2016,524,0,0,0
10/22/2016,520,0,1,0
10/23/2016,571,0,1,0
10/24/2016,301,0,0,0
10/25/2016,397,0,0,0
10/26/2016,275,0,0,0
10/27/2016,274,0,0,0
10/28/2016,443,0,0,0
10/29/2016,472,0,1,0
10/30/2016,502,0,1,0
10/31/2016,769,0,0,0
11/1/2016,331,0,0,0
11/2/2016,310,0,0,0
11/3/2016,353,0,0,0
11/4/2016,384,0,0,0
11/5/2016,645,0,1,0
11/6/2016,420,0,1,0
11/7/2016,157,0,0,0
11/8/2016,412,0,0,0
11/9/2016,349,0,0,0
11/10/2016,381,0,0,0
11/11/2016,1425,1,0,0
11/12/2016,729,0,1,0
11/13/2016,523,0,1,0
11/14/2016,185,0,0,0
11/15/2016,322,0,0,0
11/16/2016,292,0,0,0
11/17/2016,364,0,0,0
11/18/2016,306,0,0,0
11/19/2016,603,0,1,0
11/20/2016,559,0,1,0
11/21/2016,706,0,0,0
11/22/2016,621,0,0,0
11/23/2016,566,0,0,0
11/24/2016,11,1,0,1
11/25/2016,556,1,0,0
11/26/2016,736,0,1,0
11/27/2016,793,0,1,0
11/28/2016,232,0,0,0
11/29/2016,336,0,0,0
11/30/2016,340,0,0,0
12/1/2016,326,0,0,0
12/2/2016,355,0,0,0
12/3/2016,444,0,1,0
12/4/2016,378,0,1,0
12/5/2016,162,0,0,0
12/6/2016,323,0,0,0
12/7/2016,323,0,0,0
12/8/2016,295,0,0,0
12/9/2016,413,0,0,0
12/10/2016,549,0,1,0
12/11/2016,493,0,1,0
12/12/2016,265,0,0,0
12/13/2016,330,0,0,0
12/14/2016,300,0,0,0
12/15/2016,415,0,0,0
12/16/2016,561,0,0,0
12/17/2016,718,0,1,0
12/18/2016,627,0,1,0
12/19/2016,304,0,0,0
12/20/2016,479,0,0,0
12/21/2016,675,0,0,0
12/22/2016,810,0,0,0
12/23/2016,831,0,0,0
12/24/2016,279,0,1,0
12/25/2016,0,0,1,1
12/26/2016,573,1,0,0
12/27/2016,828,0,0,0
12/28/2016,879,0,0,0
12/29/2016,796,0,0,0
12/30/2016,1448,0,0,0
12/31/2016,1886,0,1,0
1/1/2017,0,0,1,1
1/2/2017,0,1,0,1
1/3/2017,656,0,0,0
1/4/2017,481,0,0,0
1/5/2017,887,0,0,0
1/6/2017,550,0,0,0
1/7/2017,816,0,1,0
1/8/2017,476,0,1,0
1/9/2017,359,0,0,0
1/10/2017,420,0,0,0
1/11/2017,441,0,0,0
1/12/2017,469,0,0,0
1/13/2017,621,0,0,0
1/14/2017,762,0,1,0
1/15/2017,612,0,1,0
1/16/2017,1081,1,0,0
1/17/2017,296,0,0,0
1/18/2017,307,0,0,0
1/19/2017,449,0,0,0
1/20/2017,567,0,0,0
1/21/2017,1036,0,1,0
1/22/2017,861,0,1,0
1/23/2017,332,0,0,0
1/24/2017,446,0,0,0
1/25/2017,382,0,0,0
1/26/2017,351,0,0,0
1/27/2017,474,0,0,0
1/28/2017,877,0,1,0
1/29/2017,647,0,1,0
1/30/2017,169,0,0,0
1/31/2017,324,0,0,0
2/1/2017,285,0,0,0
2/2/2017,388,0,0,0
2/3/2017,703,0,0,0
2/4/2017,1006,0,1,0
2/5/2017,635,0,1,0
2/6/2017,337,0,0,0
2/7/2017,656,0,0,0
2/8/2017,363,0,0,0
2/9/2017,300,0,0,0
2/10/2017,698,0,0,0
2/11/2017,1341,0,1,0
2/12/2017,749,0,1,0
2/13/2017,213,0,0,0
2/14/2017,264,0,0,0
2/15/2017,351,0,0,0
2/16/2017,352,0,0,0
2/17/2017,1027,0,0,0
2/18/2017,1676,0,1,0
2/19/2017,1400,0,1,0
2/20/2017,1460,1,0,0
2/21/2017,391,0,0,0
2/22/2017,391,0,0,0
2/23/2017,410,0,0,0
2/24/2017,492,0,0,0
2/25/2017,1104,0,1,0
2/26/2017,1108,0,1,0
2/27/2017,356,0,0,0
2/28/2017,478,0,0,0
3/1/2017,366,0,0,0
3/2/2017,336,0,0,0
3/3/2017,396,0,0,0
3/4/2017,1006,0,1,0
3/5/2017,902,0,1,0
3/6/2017,199,0,0,0
3/7/2017,336,0,0,0
3/8/2017,334,0,0,0
3/9/2017,287,0,0,0
3/10/2017,533,0,0,0
3/11/2017,669,0,1,0
3/12/2017,487,0,1,0
3/13/2017,225,0,0,0
3/14/2017,354,0,0,0
3/15/2017,451,0,0,0
3/16/2017,372,0,0,0
3/17/2017,651,0,0,0
3/18/2017,732,0,1,0
3/19/2017,630,0,1,0
3/20/2017,244,0,0,0
3/21/2017,684,0,0,0
3/22/2017,628,0,0,0
3/23/2017,442,0,0,0
3/24/2017,433,0,0,0
3/25/2017,1032,0,1,0
3/26/2017,708,0,1,0
3/27/2017,323,0,0,0
3/28/2017,400,0,0,0
3/29/2017,473,0,0,0
3/30/2017,454,0,0,0
3/31/2017,632,0,0,0
4/1/2017,638,0,1,0
4/2/2017,559,0,1,0
4/3/2017,355,0,0,0
4/4/2017,554,0,0,0
4/5/2017,592,0,0,0
4/6/2017,628,0,0,0
4/7/2017,659,0,0,0
4/8/2017,910,0,1,0
4/9/2017,559,0,1,0
4/10/2017,303,0,0,0
4/11/2017,538,0,0,0
4/12/2017,585,0,0,0
4/13/2017,675,0,0,0
4/14/2017,912,0,0,0
4/15/2017,1088,0,1,0
4/16/2017,0,0,1,1
4/17/2017,277,0,0,0
4/18/2017,571,0,0,0
4/19/2017,613,0,0,0
4/20/2017,653,0,0,0
4/21/2017,622,0,0,0
4/22/2017,858,0,1,0
4/23/2017,734,0,1,0
4/24/2017,242,0,0,0
4/25/2017,338,0,0,0
4/26/2017,379,0,0,0
4/27/2017,354,0,0,0
4/28/2017,419,0,0,0
4/29/2017,755,0,1,0
4/30/2017,548,0,1,0
5/1/2017,184,0,0,0
5/2/2017,327,0,0,0
5/3/2017,339,0,0,0
5/4/2017,438,0,0,0
5/5/2017,451,0,0,0
5/6/2017,991,0,1,0
5/7/2017,899,0,1,0
5/8/2017,218,0,0,0
5/9/2017,407,0,0,0
5/10/2017,386,0,0,0
5/11/2017,327,0,0,0
5/12/2017,513,0,0,0
5/13/2017,548,0,1,0
5/14/2017,0,0,1,1
5/15/2017,240,0,0,0
5/16/2017,310,0,0,0
5/17/2017,444,0,0,0
5/18/2017,431,0,0,0
5/19/2017,416,0,0,0
5/20/2017,635,0,1,0
5/21/2017,636,0,1,0
5/22/2017,198,0,0,0
5/23/2017,288,0,0,0
5/24/2017,409,0,0,0
5/25/2017,376,0,0,0
5/26/2017,525,0,0,0
5/27/2017,1164,0,1,0
5/28/2017,719,0,1,0
5/29/2017,626,1,0,0
5/30/2017,366,0,0,0
5/31/2017,434,0,0,0
6/1/2017,482,0,0,0
6/2/2017,378,0,0,0
6/3/2017,893,0,1,0
6/4/2017,493,0,1,0
6/5/2017,279,0,0,0
6/6/2017,383,0,0,0
6/7/2017,521,0,0,0
6/8/2017,387,0,0,0
6/9/2017,594,0,0,0
6/10/2017,704,0,1,0
6/11/2017,639,0,1,0
6/12/2017,297,0,0,0
6/13/2017,457,0,0,0
6/14/2017,443,0,0,0
6/15/2017,558,0,0,0
6/16/2017,571,0,0,0
6/17/2017,588,0,1,0
6/18/2017,365,0,1,0
6/19/2017,373,0,0,0
6/20/2017,534,0,0,0
6/21/2017,651,0,0,0
6/22/2017,588,0,0,0
6/23/2017,626,0,0,0
6/24/2017,598,0,1,0
6/25/2017,522,0,1,0
6/26/2017,518,0,0,0
6/27/2017,584,0,0,0
6/28/2017,556,0,0,0
6/29/2017,572,0,0,0
6/30/2017,528,0,0,0
7/1/2017,669,0,1,0
7/2/2017,608,0,1,0
7/3/2017,697,0,0,0
7/4/2017,6,1,0,1
7/5/2017,547,0,0,0
7/6/2017,687,0,0,0
7/7/2017,709,0,0,0
7/8/2017,928,0,1,0
7/9/2017,688,0,1,0
7/10/2017,341,0,0,0
7/11/2017,700,0,0,0
7/12/2017,652,0,0,0
7/13/2017,718,0,0,0
7/14/2017,823,0,0,0
7/15/2017,775,0,1,0
7/16/2017,695,0,1,0
7/17/2017,379,0,0,0
7/18/2017,624,0,0,0
7/19/2017,754,0,0,0
7/20/2017,560,0,0,0
7/21/2017,708,0,0,0
7/22/2017,819,0,1,0
7/23/2017,624,0,1,0
7/24/2017,350,0,0,0
7/25/2017,659,0,0,0
7/26/2017,554,0,0,0
7/27/2017,683,0,0,0
7/28/2017,660,0,0,0
7/29/2017,746,0,1,0
7/30/2017,754,0,1,0
7/31/2017,448,0,0,0
8/1/2017,671,0,0,0
8/2/2017,737,0,0,0
8/3/2017,704,0,0,0
8/4/2017,776,0,0,0
8/5/2017,805,0,1,0
8/6/2017,623,0,1,0
8/7/2017,328,0,0,0
8/8/2017,747,0,0,0
8/9/2017,636,0,0,0
8/10/2017,1068,0,0,0
8/11/2017,924,0,0,0
8/12/2017,840,0,1,0
8/13/2017,624,0,1,0
8/14/2017,399,0,0,0
8/15/2017,684,0,0,0
8/16/2017,580,0,0,0
8/17/2017,704,0,0,0
8/18/2017,583,0,0,0
8/19/2017,824,0,1,0
8/20/2017,632,0,1,0
8/21/2017,531,0,0,0
8/22/2017,656,0,0,0
8/23/2017,568,0,0,0
8/24/2017,530,0,0,0
8/25/2017,625,0,0,0
8/26/2017,737,0,1,0
8/27/2017,674,0,1,0
8/28/2017,330,0,0,0
8/29/2017,693,0,0,0
8/30/2017,661,0,0,0
8/31/2017,757,0,0,0
9/1/2017,924,0,0,0
9/2/2017,1265,0,1,0
9/3/2017,1084,0,1,0
9/4/2017,908,1,0,0
9/5/2017,407,0,0,0
9/6/2017,364,0,0,0
9/7/2017,440,0,0,0
9/8/2017,458,0,0,0
9/9/2017,674,0,1,0
9/10/2017,547,0,1,0
9/11/2017,237,0,0,0
9/12/2017,328,0,0,0
9/13/2017,375,0,0,0
9/14/2017,381,0,0,0
9/15/2017,375,0,0,0
9/16/2017,666,0,1,0
9/17/2017,618,0,1,0
9/18/2017,218,0,0,0
9/19/2017,328,0,0,0
9/20/2017,322,0,0,0
9/21/2017,585,0,0,0
9/22/2017,495,0,0,0
9/23/2017,776,0,1,0
9/24/2017,518,0,1,0
9/25/2017,198,0,0,0
9/26/2017,374,0,0,0
9/27/2017,364,0,0,0
9/28/2017,408,0,0,0
9/29/2017,445,0,0,0
9/30/2017,690,0,1,0
10/1/2017,612,0,1,0
10/2/2017,5,0,0,1
10/3/2017,298,0,0,0
10/4/2017,350,0,0,0
10/5/2017,330,0,0,0
10/6/2017,505,0,0,0
10/7/2017,591,0,1,0
10/8/2017,634,0,1,0
10/9/2017,329,1,0,0
10/10/2017,423,0,0,0
10/11/2017,351,0,0,0
10/12/2017,371,0,0,0
10/13/2017,436,0,0,0
10/14/2017,633,0,1,0
10/15/2017,537,0,1,0
10/16/2017,198,0,0,0
10/17/2017,290,0,0,0
10/18/2017,224,0,0,0
10/19/2017,261,0,0,0
10/20/2017,453,0,0,0
10/21/2017,572,0,1,0
10/22/2017,508,0,1,0
10/23/2017,361,0,0,0
10/24/2017,632,0,0,0
10/25/2017,476,0,0,0
10/26/2017,426,0,0,0
10/27/2017,349,0,0,0
10/28/2017,496,0,1,0
10/29/2017,402,0,1,0
10/30/2017,153,0,0,0
10/31/2017,778,0,0,0
11/1/2017,343,0,0,0
11/2/2017,405,0,0,0
11/3/2017,356,0,0,0
11/4/2017,737,0,1,0
11/5/2017,758,0,1,0
11/6/2017,201,0,0,0
11/7/2017,330,0,0,0
11/8/2017,248,0,0,0
11/9/2017,402,0,0,0
11/10/2017,1281,1,0,0
11/11/2017,680,0,1,0
11/12/2017,764,0,1,0
11/13/2017,166,0,0,0
11/14/2017,284,0,0,0
11/15/2017,312,0,0,0
11/16/2017,273,0,0,0
11/17/2017,463,0,0,0
11/18/2017,621,0,1,0
11/19/2017,602,0,1,0
11/20/2017,529,0,0,0
11/21/2017,809,0,0,0
11/22/2017,683,0,0,0
11/23/2017,3,1,0,1
11/24/2017,810,1,0,0
11/25/2017,820,0,1,0
11/26/2017,526,0,1,0
11/27/2017,265,0,0,0
11/28/2017,309,0,0,0
11/29/2017,334,0,0,0
11/30/2017,288,0,0,0
12/1/2017,329,0,0,0
12/2/2017,496,0,1,0
12/3/2017,481,0,1,0
12/4/2017,144,0,0,0
12/5/2017,429,0,0,0
12/6/2017,287,0,0,0
12/7/2017,420,0,0,0
12/8/2017,437,0,0,0
12/9/2017,537,0,1,0
12/10/2017,501,0,1,0
12/11/2017,261,0,0,0
12/12/2017,272,0,0,0
12/13/2017,299,0,0,0
12/14/2017,324,0,0,0
12/15/2017,316,0,0,0
12/16/2017,619,0,1,0
12/17/2017,601,0,1,0
12/18/2017,392,0,0,0
12/19/2017,360,0,0,0
12/20/2017,335,0,0,0
12/21/2017,593,0,0,0
12/22/2017,483,0,0,0
12/23/2017,466,0,1,0
12/24/2017,31,0,1,1
12/25/2017,24,1,0,1
12/26/2017,607,0,0,0
12/27/2017,1022,0,0,0
12/28/2017,1027,0,0,0
12/29/2017,938,0,0,0
12/30/2017,751,0,1,0
12/31/2017,1250,0,1,0
1/1/2018,0,1,0,1
1/2/2018,606,0,0,0
1/3/2018,727,0,0,0
1/4/2018,748,0,0,0
1/5/2018,673,0,0,0
1/6/2018,776,0,1,0
1/7/2018,320,0,1,0
1/8/2018,434,0,0,0
1/9/2018,542,0,0,0
1/10/2018,347,0,0,0
1/11/2018,321,0,0,0
1/12/2018,487,0,0,0
1/13/2018,643,0,1,0
1/14/2018,623,0,1,0
1/15/2018,929,1,0,0
1/16/2018,250,0,0,0
1/17/2018,273,0,0,0
1/18/2018,321,0,0,0
1/19/2018,425,0,0,0
1/20/2018,840,0,1,0
1/21/2018,663,0,1,0
1/22/2018,175,0,0,0
1/23/2018,287,0,0,0
1/24/2018,289,0,0,0
1/25/2018,344,0,0,0
1/26/2018,379,0,0,0
1/27/2018,753,0,1,0
1/28/2018,544,0,1,0
1/29/2018,200,0,0,0
1/30/2018,334,0,0,0
1/31/2018,267,0,0,0
2/1/2018,281,0,0,0
2/2/2018,435,0,0,0
2/3/2018,718,0,1,0
2/4/2018,471,0,1,0
2/5/2018,168,0,0,0
2/6/2018,282,0,0,0
2/7/2018,274,0,0,0
2/8/2018,262,0,0,0
2/9/2018,406,0,0,0
2/10/2018,807,0,1,0
2/11/2018,630,0,1,0
2/12/2018,274,0,0,0
2/13/2018,293,0,0,0
2/14/2018,282,0,0,0
2/15/2018,279,0,0,0
2/16/2018,485,0,0,0
2/17/2018,689,0,1,0
2/18/2018,862,0,1,0
2/19/2018,1294,1,0,0
2/20/2018,404,0,0,0
2/21/2018,401,0,0,0
2/22/2018,443,0,0,0
2/23/2018,496,0,0,0
2/24/2018,870,0,1,0
2/25/2018,648,0,1,0
2/26/2018,180,0,0,0
2/27/2018,501,0,0,0
2/28/2018,334,0,0,0
3/1/2018,310,0,0,0
3/2/2018,616,0,0,0
3/3/2018,1183,0,1,0
3/4/2018,740,0,1,0
3/5/2018,133,0,0,0
3/6/2018,325,0,0,0
3/7/2018,368,0,0,0
3/8/2018,332,0,0,0
3/9/2018,529,0,0,0
3/10/2018,1488,0,1,0
3/11/2018,868,0,1,0
3/12/2018,153,0,0,0
3/13/2018,388,0,0,0
3/14/2018,374,0,0,0
3/15/2018,361,0,0,0
3/16/2018,524,0,0,0
3/17/2018,1260,0,1,0
3/18/2018,651,0,1,0
3/19/2018,225,0,0,0
3/20/2018,353,0,0,0
3/21/2018,469,0,0,0
3/22/2018,570,0,0,0
3/23/2018,564,0,0,0
3/24/2018,669,0,1,0
3/25/2018,655,0,1,0
3/26/2018,362,0,0,0
3/27/2018,479,0,0,0
3/28/2018,622,0,0,0
3/29/2018,538,0,0,0
3/30/2018,795,0,0,0
3/31/2018,829,0,1,0
4/1/2018,0,0,1,1
4/2/2018,537,0,0,0
4/3/2018,1007,0,0,0
4/4/2018,1078,0,0,0
4/5/2018,1082,0,0,0
4/6/2018,1139,0,0,0
4/7/2018,993,0,1,0
4/8/2018,717,0,1,0
4/9/2018,357,0,0,0
4/10/2018,364,0,0,0
4/11/2018,320,0,0,0
4/12/2018,324,0,0,0
4/13/2018,507,0,0,0
4/14/2018,749,0,1,0
4/15/2018,695,0,1,0
4/16/2018,220,0,0,0
4/17/2018,391,0,0,0
4/18/2018,343,0,0,0
4/19/2018,513,0,0,0
4/20/2018,357,0,0,0
4/21/2018,684,0,1,0
4/22/2018,657,0,1,0
4/23/2018,220,0,0,0
4/24/2018,325,0,0,0
4/25/2018,344,0,0,0
4/26/2018,293,0,0,0
4/27/2018,457,0,0,0
4/28/2018,732,0,1,0
4/29/2018,639,0,1,0
4/30/2018,166,0,0,0
5/1/2018,480,0,0,0
5/2/2018,453,0,0,0
5/3/2018,275,0,0,0
5/4/2018,560,0,0,0
5/5/2018,647,0,1,0
5/6/2018,615,0,1,0
5/7/2018,214,0,0,0
5/8/2018,264,0,0,0
5/9/2018,307,0,0,0
5/10/2018,345,0,0,0
5/11/2018,588,0,0,0
5/12/2018,927,0,1,0
5/13/2018,8,0,1,1
5/14/2018,234,0,0,0
5/15/2018,427,0,0,0
5/16/2018,366,0,0,0
5/17/2018,314,0,0,0
5/18/2018,386,0,0,0
5/19/2018,680,0,1,0
5/20/2018,801,0,1,0
5/21/2018,294,0,0,0
5/22/2018,485,0,0,0
5/23/2018,373,0,0,0
5/24/2018,521,0,0,0
5/25/2018,474,0,0,0
5/26/2018,815,0,1,0
5/27/2018,767,0,1,0
5/28/2018,654,1,0,0
5/29/2018,277,0,0,0
5/30/2018,527,0,0,0
5/31/2018,352,0,0,0
6/1/2018,528,0,0,0
6/2/2018,703,0,1,0
6/3/2018,436,0,1,0
6/4/2018,154,0,0,0
6/5/2018,349,0,0,0
6/6/2018,409,0,0,0
6/7/2018,412,0,0,0
6/8/2018,527,0,0,0
6/9/2018,699,0,1,0
6/10/2018,582,0,1,0
6/11/2018,256,0,0,0
6/12/2018,475,0,0,0
6/13/2018,615,0,0,0
6/14/2018,543,0,0,0
6/15/2018,576,0,0,0
6/16/2018,643,0,1,0
6/17/2018,0,0,1,1
6/18/2018,342,0,0,0
6/19/2018,535,0,0,0
6/20/2018,568,0,0,0
6/21/2018,463,0,0,0
6/22/2018,643,0,0,0
6/23/2018,829,0,1,0
6/24/2018,595,0,1,0
6/25/2018,308,0,0,0
6/26/2018,653,0,0,0
6/27/2018,612,0,0,0
6/28/2018,511,0,0,0
6/29/2018,724,0,0,0
6/30/2018,718,0,1,0
7/1/2018,581,0,1,0
7/2/2018,420,0,0,0
7/3/2018,638,0,0,0
7/4/2018,15,1,0,1
7/5/2018,654,0,0,0
7/6/2018,1130,0,0,0
7/7/2018,1058,0,1,0
7/8/2018,821,0,1,0
7/9/2018,390,0,0,0
7/10/2018,675,0,0,0
7/11/2018,596,0,0,0
7/12/2018,718,0,0,0
7/13/2018,719,0,0,0
7/14/2018,789,0,1,0
7/15/2018,693,0,1,0
7/16/2018,264,0,0,0
7/17/2018,696,0,0,0
7/18/2018,554,0,0,0
7/19/2018,598,0,0,0
7/20/2018,615,0,0,0
7/21/2018,883,0,1,0
7/22/2018,616,0,1,0
7/23/2018,384,0,0,0
7/24/2018,768,0,0,0
7/25/2018,751,0,0,0
7/26/2018,723,0,0,0
7/27/2018,783,0,0,0
7/28/2018,804,0,1,0
7/29/2018,644,0,1,0
7/30/2018,338,0,0,0
7/31/2018,951,0,0,0
8/1/2018,633,0,0,0
8/2/2018,853,0,0,0
8/3/2018,782,0,0,0
8/4/2018,977,0,1,0
8/5/2018,760,0,1,0
8/6/2018,438,0,0,0
8/7/2018,886,0,0,0
8/8/2018,821,0,0,0
8/9/2018,1044,0,0,0
8/10/2018,1119,0,0,0
8/11/2018,932,0,1,0
8/12/2018,736,0,1,0
8/13/2018,517,0,0,0
8/14/2018,671,0,0,0
8/15/2018,652,0,0,0
8/16/2018,616,0,0,0
8/17/2018,668,0,0,0
8/18/2018,860,0,1,0
8/19/2018,690,0,1,0
8/20/2018,362,0,0,0
8/21/2018,655,0,0,0
8/22/2018,635,0,0,0
8/23/2018,582,0,0,0
8/24/2018,493,0,0,0
8/25/2018,867,0,1,0
8/26/2018,632,0,1,0
8/27/2018,359,0,0,0
8/28/2018,443,0,0,0
8/29/2018,488,0,0,0
8/30/2018,564,0,0,0
8/31/2018,602,0,0,0
9/1/2018,871,0,1,0
9/2/2018,811,0,1,0
9/3/2018,587,1,0,0
9/4/2018,333,0,0,0
9/5/2018,312,0,0,0
9/6/2018,349,0,0,0
9/7/2018,364,0,0,0
9/8/2018,767,0,1,0
9/9/2018,673,0,1,0
9/10/2018,282,0,0,0
9/11/2018,366,0,0,0
9/12/2018,327,0,0,0
9/13/2018,388,0,0,0
9/14/2018,510,0,0,0
9/15/2018,806,0,1,0
9/16/2018,588,0,1,0
9/17/2018,225,0,0,0
9/18/2018,346,0,0,0
9/19/2018,397,0,0,0
9/20/2018,316,0,0,0
9/21/2018,485,0,0,0
9/22/2018,798,0,1,0
9/23/2018,706,0,1,0
9/24/2018,210,0,0,0
9/25/2018,360,0,0,0
9/26/2018,378,0,0,0
9/27/2018,356,0,0,0
9/28/2018,463,0,0,0
9/29/2018,805,0,1,0
9/30/2018,616,0,1,0
10/1/2018,226,0,0,0
10/2/2018,393,0,0,0
10/3/2018,424,0,0,0
10/4/2018,349,0,0,0
10/5/2018,390,0,0,0
10/6/2018,686,0,1,0
10/7/2018,505,0,1,0
10/8/2018,354,1,0,0
10/9/2018,334,0,0,0
10/10/2018,309,0,0,0
10/11/2018,323,0,0,0
10/12/2018,519,0,0,0
10/13/2018,1254,0,1,0
10/14/2018,579,0,1,0
10/15/2018,349,0,0,0
10/16/2018,380,0,0,0
10/17/2018,278,0,0,0
10/18/2018,383,0,0,0
10/19/2018,386,0,0,0
10/20/2018,623,0,1,0
10/21/2018,639,0,1,0
10/22/2018,217,0,0,0
10/23/2018,308,0,0,0
10/24/2018,370,0,0,0
10/25/2018,315,0,0,0
10/26/2018,305,0,0,0
10/27/2018,696,0,1,0
10/28/2018,438,0,1,0
10/29/2018,184,0,0,0
10/30/2018,289,0,0,0
10/31/2018,723,0,0,0
11/1/2018,261,0,0,0
11/2/2018,410,0,0,0
11/3/2018,699,0,1,0
11/4/2018,611,0,1,0
11/5/2018,193,0,0,0
11/6/2018,305,0,0,0
11/7/2018,377,0,0,0
11/8/2018,331,0,0,0
11/9/2018,615,0,0,0
11/10/2018,734,0,1,0
11/11/2018,791,0,1,0
11/12/2018,947,1,0,0
11/13/2018,277,0,0,0
11/14/2018,275,0,0,0
11/15/2018,301,0,0,0
11/16/2018,405,0,0,0
11/17/2018,685,0,1,0
11/18/2018,606,0,1,0
11/19/2018,481,0,0,0
11/20/2018,735,0,0,0
11/21/2018,616,0,0,0
11/22/2018,26,1,0,1
11/23/2018,720,1,0,0
11/24/2018,770,0,1,0
11/25/2018,477,0,1,0
11/26/2018,202,0,0,0
11/27/2018,205,0,0,0
11/28/2018,327,0,0,0
11/29/2018,392,0,0,0
11/30/2018,364,0,0,0
12/1/2018,507,0,1,0
12/2/2018,392,0,1,0
12/3/2018,10,0,0,1
12/4/2018,368,0,0,0
12/5/2018,479,0,0,0
12/6/2018,392,0,0,0
12/7/2018,364,0,0,0
12/8/2018,477,0,1,0
12/9/2018,477,0,1,0
12/10/2018,167,0,0,0
12/11/2018,246,0,0,0
12/12/2018,380,0,0,0
12/13/2018,327,0,0,0
12/14/2018,334,0,0,0
12/15/2018,549,0,1,0
12/16/2018,545,0,1,0
12/17/2018,266,0,0,0
12/18/2018,471,0,0,0
12/19/2018,298,0,0,0
12/20/2018,292,0,0,0
12/21/2018,474,0,0,0
12/22/2018,413,0,1,0
12/23/2018,416,0,1,0
12/24/2018,64,1,0,0
12/25/2018,38,1,0,1
12/26/2018,573,0,0,0
12/27/2018,900,0,0,0
12/28/2018,1050,0,0,0
12/29/2018,905,0,1,0
12/30/2018,783,0,1,0
12/31/2018,1549,0,0,0
1/1/2019,10,1,0,1
1/2/2019,681,0,0,0
1/3/2019,869,0,0,0
1/4/2019,788,0,0,0
1/5/2019,783,0,1,0
1/6/2019,605,0,1,0
1/7/2019,218,0,0,0
1/8/2019,361,0,0,0
1/9/2019,338,0,0,0
1/10/2019,330,0,0,0
1/11/2019,500,0,0,0
1/12/2019,1094,0,1,0
1/13/2019,689,0,1,0
1/14/2019,293,0,0,0
1/15/2019,569,0,0,0
1/16/2019,576,0,0,0
1/17/2019,483,0,0,0
1/18/2019,512,0,0,0
1/19/2019,877,0,1,0
1/20/2019,672,0,1,0
,,,,
,,,,
,,,,
,,,,
,,,,
,,,,
,,,,
,,,,
,,,,
,,,,
,,,,
,,,,
,,,,
,,,,
,,,,
,,,,
,,,,
,,,,
,,,,
,,,,
,,,,
,,,,
,,,,
,,,,
,,,,
,,,,
,,,,
,,,,
,,,,
,,,,
,,,,
,,,,
,,,,
,,,,
,,,,
,,,,
,,,,
,,,,
,,,,
,,,,
,,,,
,,,,
,,,,
,,,,
,,,,
,,,,
,,,,
,,,,
,,,,
,,,,
,,,,
,,,,
,,,,
,,,,
,,,,
,,,,
,,,,
,,,,
,,,,
,,,,
,,,,
,,,,
,,,,
,,,,
,,,,
,,,,
,,,,
,,,,
,,,,
,,,,
,,,,
,,,,
,,,,
,,,,
,,,,
,,,,
,,,,
,,,,
,,,,
,,,,
,,,,
,,,,
,,,,
,,,,
,,,,
,,,,
,,,,
,,,,
,,,,
,,,,
,,,,
,,,,
,,,,
,,,,
,,,,
,,,,
,,,,
,,,,
,,,,
,,,,
,,,,
,,,,
,,,,
,,,,
,,,,
,,,,
,,,,
,,,,
,,,,
,,,,
,,,,
,,,,
,,,,
,,,,
,,,,
,,,,
,,,,
,,,,
,,,,
,,,,
,,,,
,,,,
,,,,
,,,,
,,,,
,,,,
,,,,
,,,,
,,,,
,,,,
,,,,
,,,,
,,,,
,,,,
,,,,
,,,,
,,,,
,,,,
,,,,
,,,,
,,,,
,,,,
,,,,
,,,,
,,,,
,,,,
,,,,
,,,,
,,,,
,,,,
,,,,
,,,,
,,,,
,,,,
,,,,
,,,,
,,,,
,,,,
,,,,
,,,,
,,,,
,,,,
,,,,
,,,,
,,,,
,,,,
,,,,
,,,,
,,,,
,,,,
,,,,
,,,,
,,,,
,,,,
,,,,
,,,,
,,,,
,,,,
,,,,
,,,,
,,,,
,,,,
,,,,
,,,,
,,,,
,,,,
,,,,
,,,,
,,,,
,,,,
,,,,
,,,,
,,,,
,,,,
,,,,
,,,,
,,,,
,,,,
,,,,
,,,,
,,,,
,,,,
,,,,
,,,,
,,,,
,,,,
,,,,
,,,,
,,,,
,,,,
,,,,
,,,,
,,,,
,,,,
,,,,
,,,,
,,,,
,,,,
,,,,
,,,,
,,,,
,,,,
,,,,
,,,,
,,,,
,,,,
,,,,
,,,,
,,,,
,,,,
,,,,
,,,,
,,,,
,,,,
,,,,
